word,imageability,sd_rating,rt,sd_rt,n_raters
ace,4.5,2.7,1363,654,29
ache,3.8,2.3,1439.7,640.3,30
act,3.5,2.3,1388.6,787.7,31
ad,4.1,2.6,1237.3,812.4,28
add,3.3,2.2,1287.3,606.3,30
aft,1.6,1.4,1228.9,678.3,31
age,3.4,2.3,1354.9,726.2,30
aid,3.5,2.4,1507.5,1447.6,31
aide,2.5,1.8,1626.3,874.1,29
ail,1.9,1.5,1357.5,1068.3,31
aim,3.9,2.3,1386.4,674.8,30
air,4,2.5,1585.6,1137.9,30
aisle,5.3,2,1606.9,957,29
ale,4,2.7,1304,629.3,30
all,2.3,1.9,1375.8,1249.4,31
alms,2.3,1.9,1630.7,1190,29
alp,2.7,2.1,1622.5,877.4,30
am,1.8,1.6,1186.9,680,30
an,1.2,0.6,1160.8,785.4,30
and,1.3,0.7,1241.9,830.9,31
ant,6.7,1.2,1043.4,489.1,31
ape,6.8,0.7,1003.7,399.1,30
apse,1.3,0.6,1473.9,927.1,28
apt,1.9,1.8,1355.7,1091.7,30
arc,5,2.4,1509.7,665.5,29
arch,5.1,2.1,1325.3,670.3,30
are,1.3,0.8,1200,530.4,29
ark,5.7,2.1,1154.4,527.4,31
arm,6.8,0.7,1109.7,547.7,31
art,4.6,2.5,1248.1,644.8,30
arts,4,2.4,1590.4,1002.3,31
as,1.4,1,1248.8,924.4,31
ash,5.7,2,1336.1,754.4,31
ask,2.7,1.8,1393.9,832.2,30
ass,6,2,1385.9,590.6,30
at,1.4,1.2,1235.6,694.4,31
ate,3.9,2.1,1486.8,741.5,30
aunt,6.2,1.6,1180.2,500.7,31
awe,2.3,2,1233.2,551.3,31
ax,6.2,1.8,856.8,298,29
axe,6.3,1.8,950.3,326.3,31
aye,1.7,1.3,1234,543.6,31
babe,5.7,2,1221,622.1,29
back,5,2.2,1612,1226.6,29
bad,2.4,1.8,1311.1,835.1,31
badge,5.9,1.6,1280.1,740.5,30
bag,6.4,1.4,1008.2,392.1,30
bail,3.9,2.2,1683.4,1333.2,29
bait,5.6,2,1280.9,729.6,31
bake,5.1,2.1,1654.2,843.4,30
bald,6.2,1.3,1367.5,828.1,30
bale,3.4,2.3,1395.6,820.2,27
balk,1.8,1.5,1479.4,1002.3,31
ball,6.6,1.2,933.7,287.2,30
balm,4.3,2.2,1511.6,710.1,30
ban,2.9,2,1391.3,794.6,30
band,6,1.8,1107.1,700.7,30
bane,2.1,1.7,1114.1,500.4,30
bang,3.7,2.2,1333.6,725,31
bank,6.1,1.7,1103.6,627.2,30
bar,6.1,1.7,1294.5,827.3,30
barb,4.3,2.6,1871.4,1055.6,31
bare,3.9,2.3,1629.8,1174,31
barge,5.7,2.1,1399.5,781.3,28
bark,5,2.2,1375.8,807.8,30
barn,6.9,0.5,965.5,519.2,30
base,4.4,2.5,1668.8,1089.5,29
bash,3.2,2.2,1477.1,683.4,31
bask,2.6,1.7,1724.5,1304,31
bass,5.7,2,1325.3,620.8,31
baste,3.5,2.3,1651,1175.1,30
bat,6.2,1.7,1182.3,622.5,31
batch,3.8,2.3,1814.7,1392.6,30
bath,6,1.6,1175,508.1,31
bathe,4.5,2.4,1399.1,600.7,30
bawl,3.6,2.3,1538.1,757.2,30
bay,5.2,2.3,1347.9,648.3,31
be,1.3,0.6,1170.9,676.3,30
beach,6.5,1.4,1006.4,392.4,31
bead,6,1.8,1710.5,1151.3,29
beak,5.2,2.4,1382.6,819.5,30
beam,4.6,2.4,1524.5,735.4,29
bean,6.6,0.9,1067.3,438,29
bear,6.7,1,1108.1,588.9,29
beard,6.3,1.7,1317.5,887.2,30
beast,5.6,1.9,1353.3,645,30
beat,3.4,2.3,1307.6,648.5,29
beau,3.1,2.2,1417.5,778.2,30
beck,2,1.8,1783.4,1298.3,31
bed,6.6,1.2,999.8,558.2,30
bee,6.9,0.5,991.3,341.7,31
beech,3.4,2.2,2069.7,1149.2,29
beef,6.5,1.4,969.2,313.9,28
been,1.9,1.8,1697,1157.2,30
beer,6.1,1.8,1115.1,1009.3,31
beet,4.8,2.7,1400.1,775.9,28
beg,3.7,2.2,1365.2,666.2,29
beige,5.3,2,1693.5,682.5,30
belch,4.6,2.2,1407.6,737.7,30
bell,6.6,1,1055.4,549.3,31
belle,3.9,2.6,1582,1032.7,29
belt,6.5,1.3,1194.8,873,29
bench,6.5,1,972.6,360.5,30
bend,3.9,2.2,1454.3,715.3,30
bent,4.7,2,1232.5,541.1,30
berth,2,1.5,1436.8,1130.5,31
best,2.7,1.9,1408.8,714.1,29
bet,3.1,2,1453.3,899.5,28
bib,5.9,2,1112.3,386,29
bid,3.4,2.6,1362.8,725.9,30
bide,1.6,1.1,1707.2,1069.5,30
big,4.5,2.4,1375.5,785.6,28
bike,6.8,0.7,1042,485,31
bile,3.6,2.3,1184.5,462.7,29
bilge,1.7,0.9,1458.3,909.4,31
bill,5.4,2.2,1293.2,497,28
bin,5.1,2.1,1752,1010.6,31
bind,3.1,2.2,1620.7,1026,28
binge,2.9,2,1256.6,483.7,29
birch,4.1,2.3,1507.6,878,30
bird,6.4,1.5,1103.6,629.3,31
birth,5.1,2.1,1456.8,809.1,31
bit,3.6,2.3,1545.3,1258.4,31
bitch,5.4,2.2,1514.5,812.8,27
bite,5.2,1.9,1363.5,1013.5,30
blab,2.9,2.2,1480.8,770.3,31
black,6.4,1.4,1271.3,526,29
blade,5.8,1.8,1254.2,1000.6,31
blah,2.2,1.8,1352.1,777.7,30
blame,2.7,1.9,1302.3,758,30
blanch,2.9,2.3,1772.9,1253.9,31
bland,2.3,1.6,1754.1,1020.5,30
blank,3.7,2.3,1960.6,1388.8,29
blare,2.9,2.1,1268,666.6,31
blast,4.8,2.1,1562.6,877.1,27
blaze,4.9,2.3,1596.1,930.9,31
bleach,5.7,1.8,1416.3,870,30
bleak,2.8,1.8,1557.4,981.6,31
bleat,2.1,1.7,1319.3,850.1,27
bled,4.1,2.4,1618.8,882.5,30
bleed,5.7,1.5,1381.9,649.3,30
blend,4.2,2.1,1771.8,953.5,29
bless,2.9,1.7,1523.3,887.2,30
blew,3.9,2.3,1405.3,681.7,31
blight,2.2,1.6,1526.3,723.6,27
blimp,5.6,1.9,1306.1,512,31
blind,4.4,2.3,1940,1101,28
blinds,5.7,2.2,1223.9,547.9,29
blink,5.5,1.9,1178.2,756.4,30
bliss,3.1,2.1,1425.1,741.4,29
blithe,1.6,1,1437.9,796.1,31
blitz,3.4,2.4,1528.3,945.5,30
bloat,3.7,2.2,1278,556.4,28
blob,4.4,2.2,1557.9,1034,31
block,5.7,1.8,1578.6,889,29
bloke,2.4,1.8,1619,1166,31
blonde,6.3,1.4,1013,430,31
blood,6.4,1.4,1088,610.9,30
bloom,5,2.2,1320.3,684.4,28
blot,4,2.4,1346.2,830.2,31
blotch,4.2,2.2,1333.5,637.7,31
blouse,6.4,1.4,1173.9,487.6,31
blow,4.2,2.2,1488.8,929.2,31
blown,3.4,1.9,1665.5,1026.8,30
blue,6.1,2,1198.3,638.4,30
bluff,3.7,2.3,1437,916.2,30
blunt,4.3,2.5,1743.6,1181.3,29
blur,4.1,2.1,1547.7,847.3,29
blurt,2.7,1.9,1323.4,707.3,31
blush,5.2,2.2,1602.9,1222.4,31
boar,4.6,2.7,1624.7,1026,31
board,5.8,1.9,1409.4,1020.9,31
boast,2.8,1.8,1540.8,986.1,29
boat,6.7,1,906.1,325,31
bob,3.5,2.7,1500.7,901.5,28
bode,2,1.6,1220.8,911.3,31
bog,2.9,2,1450.4,715.9,30
boil,5.5,1.7,1395.7,949.1,30
bold,2.9,2,1724.6,1226.9,29
bolt,5.6,1.9,1490.4,839.8,31
bomb,6.4,1.5,1263.9,974.9,30
bond,4,2.4,1534.3,932.7,31
bone,6.4,1.4,1091.7,557.3,29
book,6.3,1.7,1272.2,651.3,30
boom,3.8,2.4,1634.2,1012.6,27
boon,2,1.8,1418.6,760.1,29
boost,2.9,2,1521.5,857.1,31
boot,6.9,0.5,1042,503.1,30
booth,5.6,2.2,1122.2,499.2,29
booze,5.9,1.7,1395.1,780.9,30
bore,2.5,2,1605.1,1004.7,31
bored,3.6,2.5,1364.9,826.7,29
borne,2.4,1.6,1869.7,1246.2,28
bosh,1.8,1.3,1165.7,597.7,29
boss,5.1,2.4,1277.1,682.5,30
botch,2.4,1.7,1711.5,1019.7,28
both,2.3,1.5,1559.3,1000.4,30
bough,2,1.7,1498,1135.9,31
bought,3.2,2.5,1348.4,1077.2,28
bounce,4.7,2,1272.1,512.2,31
bound,3.3,2.1,1286.4,529.2,27
bout,1.8,1.6,1351.7,884.8,30
bowl,6.3,1.7,1577.2,1299.2,31
box,6.7,0.6,1138,564.4,31
boy,6.2,1.6,1201.6,742,31
bra,6.6,1.2,1047.4,532.9,30
brace,4.8,2.1,1579.8,957.5,31
brag,3.1,2.3,1526.9,1026.5,28
braid,5.9,2,1249.3,593.7,31
brain,6.4,1.5,1092.8,584.7,31
braise,2,1.5,1396.1,747,29
brake,5.3,2.3,1134.3,592,31
bran,3.2,2.4,1489.8,908.7,30
branch,6,1.8,1223.1,719.6,30
brand,3.9,2.3,1400.4,678.7,30
brash,2.3,1.9,1186.4,648.5,30
brass,5.8,1.8,1242.9,520.8,31
brat,5,2.2,1611.4,1042.3,28
brave,3.3,2.1,1454.7,909.9,31
brawl,4.1,2.1,1529.2,907.8,31
braze,2.3,1.6,1763.6,1064.2,28
breach,3.3,2.2,1498.9,944.8,28
bread,6.2,1.8,941,511.8,31
breadth,1.8,1.1,1683.5,816.5,30
break,4.5,2.3,1719.5,855.3,30
breast,6.7,0.9,1193.5,481.8,31
breath,5,2.2,1322.4,658.7,30
breathe,3.8,2.4,1382.8,778.1,31
bred,3.1,2.2,1725.5,875.8,30
breech,2.8,2,1809,1007.2,27
breed,3.9,2.4,1559.1,690,29
breeze,4.4,2.2,1402.8,667.1,30
brew,4.6,2.3,1408.6,667.9,28
bribe,3.7,2.1,1654.9,942.1,30
brick,6.6,1.1,1053.4,737.7,29
bride,6.4,1.7,1089.9,649.7,29
bridge,6.7,1,1229.9,758.7,31
brief,2.5,1.9,1397.6,910.5,31
brig,2.2,1.8,1839.4,1155,30
bright,4.4,2.2,1696,941.2,29
brim,3.8,2.5,1557.8,918.4,28
bring,2.6,1.9,1418.5,887.6,29
brink,3.1,2.2,1539.6,879.3,30
brisk,2.6,1.7,1822,1000.1,30
broach,4,2.5,1498.1,934,31
broad,3.3,2.3,1613.5,1032.5,30
broil,4.3,2.1,1650.7,1284.4,30
broke,3.7,2.3,1404.3,825,28
bronze,5.6,1.9,1425.5,899.4,29
brooch,3.3,2.3,1535.7,1134.5,30
brood,3.2,1.9,1528.4,947,28
brook,5.8,1.6,1268.8,569.3,30
broom,6.6,1.5,1142.5,655.7,30
broth,4.5,2.5,1325.5,806,31
brought,2.1,1.8,1306.7,754.1,31
brow,4.8,2.2,1557.8,901.6,30
brown,5.8,2,1145.8,662.2,31
browse,3.6,2.3,1424.9,960.2,28
bruise,6.3,1.3,1234.5,570.8,30
brunch,3.8,2.3,1348.3,727.7,30
brunt,2.1,1.8,1574.5,1100.4,30
brush,6.2,1.6,1239.8,653.2,29
brute,4,2.4,1460.7,777.1,29
buck,5.9,1.8,1325.5,660.8,29
bud,4.9,2.4,1571.3,1041.1,31
budge,3.1,2.3,1598.5,885.3,30
buff,4,2.2,1335.5,689.1,31
bug,6.7,0.8,1209.4,730.3,30
build,3.8,2.2,1643.7,1031.9,30
built,3.4,2.3,1431.3,979.6,28
bulb,6.6,1.2,1502.9,1462.2,31
bulge,4.8,2.1,1470.8,932,29
bulk,3.5,2.4,1744.9,1053.7,29
bull,6.2,1.9,1004.3,397.4,30
bum,5,1.9,1650,993,30
bump,4.9,2.4,1382.8,887.4,30
bun,6,1.8,1112.4,431.6,31
bunch,4,2.1,1601.6,1100.8,30
bunk,4.8,2.4,1513.4,898.1,29
bunt,3.8,2.6,1546.5,904.8,29
burl,1.8,1.8,1614.1,998.6,29
burn,4.7,2.2,1355.2,800.2,31
burp,4.7,2.2,1197.5,481,31
burr,4.4,2.2,1535.3,841.2,31
burst,3.5,2.3,1246.6,611,31
bus,6.8,0.5,1084,689,31
bush,6.3,1.5,1396.2,721.7,31
buss,2.2,1.7,1864.5,889.6,24
bust,4.6,2,1595.1,715,30
but,1.9,1.7,1709.2,1394.9,31
butch,4.5,2.2,1781.5,1162.7,31
butt,6.3,1.5,1272.8,733.7,31
buy,3.6,2.1,1419.1,759,29
buzz,4,2.1,1637.8,1094.2,30
by,1.6,1.5,1273.9,919.6,31
bye,2.9,2.3,1439.9,800.4,30
cab,6.7,1.2,1154.1,576.7,30
cache,2.6,2.2,1321.3,701.7,31
cage,6.4,1.3,1129.5,556.9,30
cake,6.8,0.7,1104.9,595.1,31
calf,6.5,1.4,1161.5,636.1,30
call,4.4,2.3,1418.3,803.9,30
calm,2.8,2.1,1349.7,762.3,27
calve,5.2,2.4,1471.7,648.9,28
cam,2.6,2,1720.8,847.2,27
came,2.4,2,1242.8,462.6,31
camp,6.4,1.3,1288.8,854.6,31
can,5.1,2.6,1445.6,783.2,29
cane,6.4,1.6,1171.2,649,31
cap,6.2,1.8,1217.2,664.9,31
cape,6.2,1.5,1140.1,526.7,30
car,6.9,0.8,984.8,350.4,31
card,6.4,1.4,1334.7,645.5,28
care,3.1,2.3,1272.5,596.9,31
carp,4.6,2.5,1628.9,911.7,30
cart,6,1.9,1131.8,551.3,30
carve,4.8,2.2,1259.4,607.2,28
case,4.5,2.4,1475,828.9,27
cash,6.6,0.8,1258.8,415.5,30
cask,2.7,2.1,1493.8,1051.8,29
cast,4.4,2.6,1473.3,878.1,31
caste,2.4,1.7,1957.2,1157.1,27
cat,6.5,1.6,850.7,302.9,31
catch,4.4,2.4,1305.2,869.9,29
caught,3.3,2,1330.4,656.6,30
caulk,3.7,2.6,1260,621,29
cause,1.8,1.1,1405.9,1003.2,30
cave,6.7,0.7,1101.2,598.4,30
cease,2.7,2,1489.3,986.9,28
cell,5.8,1.9,1500.8,934.7,31
cent,5.7,2,1454.7,793.8,30
chafe,2.5,1.6,1555.9,937.3,31
chaff,2.2,1.8,1498.1,955.8,30
chain,6.5,1.3,1065.3,577.9,31
chair,6.5,1.3,1165.6,1185,30
chaise,2,1.5,1571.6,987.7,28
chalk,6.8,0.8,1336.3,639.3,31
champ,4.6,2.3,1260.5,583.8,31
chance,2.1,1.7,1329.9,734.4,30
change,3.2,2.3,1525.9,1105.5,30
chant,4,2.3,1302.9,556.2,30
chap,3.5,2.3,1704.5,1249.5,31
char,3.2,2.1,1569.1,794.4,31
chard,2.9,2.1,1647.6,1270.6,31
charge,3.4,2.3,1420.9,922.8,29
charm,4.5,2.2,1548.9,939.5,31
chart,5.7,2,1433.7,782.6,30
chase,4.4,2.2,1261.6,581.3,27
chasm,2.6,2.1,1316.6,613.5,31
chaste,2.5,2,1770,1038.6,30
chat,4.2,2.3,1503.4,1019.3,30
cheap,3.1,2.2,1550.5,1168.9,31
cheat,3.7,2.1,1842.6,1408.7,29
check,4.9,2.4,1674.7,976,30
cheek,6.4,1.4,1172.1,636,31
cheep,2.9,2,1839.5,1054.1,29
cheer,4.6,2.3,1736.2,1321,30
cheese,6.4,1.4,1007.4,337.7,30
chef,6.2,1.5,1037.1,396.9,31
chess,6.3,1.7,1083.3,395.1,30
chest,6.1,1.6,1235,715.7,31
chew,4.9,1.9,1299.2,730.4,30
chic,4,2.5,1524.6,746.8,29
chick,5.9,1.8,1349.3,810.8,29
chide,2.1,1.7,1500.3,829.6,30
chief,5.9,1.8,1428.1,1056.1,30
child,6.4,1.4,1148.9,631.6,31
chill,3.7,2.1,1406.7,601.4,30
chime,5.1,2.2,1275.2,606.3,30
chimp,6.6,1,1207.6,694.1,31
chin,6.2,1.6,1134.9,401.2,30
chip,5.7,2,1369.8,651.7,31
chirp,4.2,2.2,1825.5,1280.9,30
chive,4.7,2.5,1654.6,911.2,29
chock,1.8,1.1,1849.8,1057.6,29
choice,2.6,1.9,1459.4,766.9,30
choir,5.5,1.8,1336.3,807.6,27
choke,5,2,1359.9,580.2,31
choose,2.3,1.6,1383,781.5,28
chop,4.5,2.2,1508.3,1231.1,30
chord,4.6,2.4,1515.4,836.6,29
chore,4.2,2.1,1580.7,1136.3,30
chose,2.8,2.2,1544,1331.4,30
chow,4.3,2.3,1613.4,991.6,30
chrome,5.9,1.9,1269.6,608.7,31
chuck,3.5,2.3,1882.1,1195.8,30
chug,4.1,2.3,1423.5,642.2,30
chum,3.7,2.3,1400.6,851.6,29
chump,3.9,2.2,1562.5,842.1,31
chunk,4.5,2.3,1497.3,839.8,30
church,6.7,1.2,1110.8,434.3,31
churn,4.9,2.3,1508.5,775.7,27
chute,3.7,2.3,1892.6,1044.4,30
cinch,2.7,1.9,1342.5,815.5,29
cite,2.3,1.6,1509.4,1008,31
clack,2,1.3,1397,966.7,29
clad,2.1,1.7,1751.9,1192.3,30
claim,2.6,2,1638.3,1254.6,30
clam,6,1.8,1472.8,870.3,31
clamp,4.6,2.5,1406.7,773.5,30
clan,4.9,2.1,1576.8,1255.3,29
clang,3,2.1,1421.9,695,31
clank,3,1.9,1482.6,1080.7,31
clap,5.6,1.7,1202.6,588.5,29
clash,3.8,2.2,1456.2,953.4,29
clasp,4.1,2.3,1765.3,1460.3,28
class,5.6,1.9,1522.9,1142.2,30
clause,2.4,1.9,1823.3,1127.2,30
claw,6,1.8,1306.9,607.6,30
clay,6.1,1.4,1283.6,750.1,30
clean,4.5,2.1,1329.6,654.6,29
cleanse,4,2.1,1511.8,866.9,27
clear,3.6,2.4,1796.1,1261.2,31
cleat,3.9,2.6,1602,1241.6,31
cleave,2.5,2,1523.8,635,29
clef,2.9,2.2,1532.3,1151.1,30
cleft,3.9,2.4,1496.6,750.9,31
clench,3.4,1.8,1512.5,743.9,31
clerk,6.2,1.6,1234.3,656.1,30
click,3.7,2.3,1994.4,1419.8,30
cliff,6.3,1.6,1231.7,532,31
climb,5.4,1.8,1278.2,656.8,30
clinch,3.3,2.2,1786.1,1090.4,31
cling,4,2.4,1237.9,819.6,31
clink,2.4,1.8,1186.3,675,31
clip,5.2,2.2,1283,835,29
clique,3.8,2.3,1777.2,1040.6,30
cloak,5.4,2.2,1218.3,623.4,30
clock,6.8,0.7,981.6,408.3,31
clod,3.3,2.3,1556.6,1254.4,30
clog,4.5,2.3,1276.2,697.6,31
clone,4.8,2.4,1474.3,619.6,29
clop,2.3,1.8,1670.8,1671.3,29
close,3.7,2.2,1660.9,904.3,29
clot,4.2,2.2,1568.7,1024.6,29
cloth,6,1.8,1101.6,564.9,30
clothe,4.6,2.4,1699,1051.2,30
clothes,6.4,1.3,1208.4,467.2,30
cloud,6.7,0.9,1059.1,720.3,29
clout,2.1,1.3,1527.7,1229,31
clove,4.7,2.5,1621,911.4,29
clown,6.9,0.5,946.9,299.1,31
club,5.5,2.1,1318.2,718.1,31
cluck,3.6,2.2,1669.5,954.9,30
clue,4.2,2.2,1398.1,1218,30
clump,3.9,2.1,1580.7,1060,31
clung,3.1,2.1,1483.1,749.2,30
clutch,4.1,2.4,1241.7,417.5,31
coach,6,1.7,1313.2,822.8,31
coal,6.3,1.3,1223.9,784.7,31
coarse,3.7,2.4,1580.4,718.3,29
coast,5.4,2,1542.6,891.2,30
coat,6.7,0.8,1180.8,598,29
coax,2.1,1.2,1546.7,780.2,29
cob,5.4,2.1,1573.7,593.8,30
cock,5.1,2.2,1763.8,1125,31
cod,4.3,2.6,1487.3,923.5,28
code,3.9,2.1,1316.3,565.7,30
coin,6.5,1.3,1199.9,858.6,31
coke,6.8,0.6,1097.9,544.3,31
cold,4.2,2.3,1330.3,769.6,29
colt,6.1,2,1190.6,832.7,29
comb,6.4,1.6,1142.8,665.7,31
come,2.2,1.7,1461.9,866.7,28
con,2.3,1.8,1482.5,865.4,30
cone,5.8,1.9,1242.9,664.3,30
conk,2.6,2.1,1440.5,684.9,30
cook,5.4,1.9,1216.4,611.3,30
cool,3.3,2.4,1424.1,988,29
coon,5.1,2.4,1383.1,803.6,29
coop,3.6,2.3,1408.9,789.2,30
coot,1.9,1.4,1324.7,507.6,30
cop,6.4,1.4,1068.5,375.3,31
cope,2.5,1.7,1364.9,926.2,31
cord,5.9,2,1118,488.9,31
core,4.3,2.4,1581.5,1294.1,29
cork,6.2,1.5,1089.6,544.9,30
corn,6.8,0.7,1065.8,448.6,30
corps,3.9,2.4,1881.1,1018.7,30
corpse,6.4,1.5,1152.2,589,30
cost,3.8,2.1,1555.6,749.8,28
cot,5.4,2.2,1209,486.5,30
couch,6.7,1.2,1180.8,711.6,31
cough,5.6,1.7,1375.5,650.4,30
could,1.7,1.4,1134.6,570.5,28
count,4.4,2.1,1539.7,743.6,30
coup,2.7,2.2,1476.9,739.1,29
course,3.1,2,1700.9,1437.3,31
court,6.3,1.1,1401.3,718.3,31
cove,4.5,2.5,1420.6,753.8,31
cow,6.8,1.2,889.5,283.2,31
coy,2.2,1.6,1612.6,1393.8,30
crab,6.4,1.2,1130.3,575.5,31
crack,4.9,2.1,1358.6,696.8,31
craft,4.5,2.1,1708.5,876.7,29
cram,3.7,2.4,1489.8,938.3,28
cramp,4.5,2.2,1628.6,884.1,30
crane,5.9,1.9,1220.8,581.3,30
crank,4.1,2.3,1483.3,668.1,30
craps,4,2.4,1924.3,1017.1,29
crash,4.6,2.1,1391.8,902.3,29
crate,6.1,1.9,1544.9,824.1,29
crave,3.5,2.4,1320.8,1056.4,30
crawl,4.4,2.2,1417,754.7,29
craze,2.7,1.7,1552.1,1153.5,30
creak,4.2,2.5,1514.9,746.9,31
cream,5.7,2,1320.1,653.8,31
crease,4.1,2.2,1871.9,1196.6,27
creed,3.8,2.5,1327,667.8,30
creek,5.9,1.9,1184.5,513.9,27
creep,4,2.4,1442.9,780.4,31
crepe,3.1,2.1,1587.6,836.5,30
crept,4,2.2,1453.8,1043.5,30
crest,5.4,1.9,1671.6,1246.9,31
crew,5.2,1.9,1468.1,799.9,30
crib,6.1,1.8,1135.7,521.3,31
crick,3,2,1827.8,1416.4,29
crime,4,2.3,1638.6,1031.6,30
cringe,3.7,2.3,1191.9,446.2,29
crisp,4,2.3,1487.1,744.6,29
croak,3.5,2.3,1594.2,994.1,29
crock,3.3,2.3,1784.8,1174.2,28
crook,5,2.1,1341.5,700.8,27
croon,2.4,1.7,1615.8,959.3,30
crop,5.6,2.2,1231.1,694.6,30
cross,6.3,1.5,1225.3,537.4,29
crotch,5.3,2.1,1624.4,751.9,29
crouch,4.4,2.2,1656,834.1,30
crow,6.3,1.7,990.8,292.1,31
crowd,5.3,2.1,1511.6,956.3,30
crown,6.2,1.5,1003.4,541.2,29
crude,2.5,1.7,1600.1,1125.4,28
cruise,5.6,2.1,1546.9,1571.2,28
crumb,6.2,1.4,1558.7,1482.3,31
crunch,4.1,2.1,1716.1,1077.1,31
crush,4.7,2.2,1309.5,754.6,30
crust,5.8,1.7,1378,799.3,31
crutch,5.8,1.9,1357.6,669.2,30
cry,5.3,2.1,1163.9,518,31
crypt,5,2.3,1516.2,955.2,30
cub,5.8,1.9,1521.9,886.4,31
cube,6.1,1.6,1285.1,553,31
cud,2.8,2.3,1418.9,780.8,29
cue,3.3,2.3,1628.2,1213.5,31
cuff,5.4,1.9,1313.4,794.8,28
cult,4.8,2.2,1340.1,580.4,30
cup,6.7,1.2,1024.4,349.3,31
curb,5.8,1.8,1467.7,1126.1,30
curd,3.3,2.2,1417.3,670,30
cure,3.2,2,1805,1340.6,30
curl,5.1,2.3,1546.4,1114.4,30
curse,3.4,2.1,1586.3,840.6,31
curt,2.4,2.1,1215,855.9,29
curve,4.4,2.1,1487,840.4,29
cusp,1.8,1.3,1736.4,1211.4,31
cut,5.1,2,1497.6,703.9,30
cute,4.4,2.3,1418.4,627.4,31
cyst,3,2.4,1331.9,632.7,30
czar,3.2,2.4,1425.3,670.4,30
dab,3.1,2.1,1367.8,963.2,30
dad,6.7,0.8,1161.8,503.8,31
daft,1.8,1.6,1484.4,751.6,30
dale,3.2,2.4,1490.1,859.8,30
dam,5.3,2.4,1280,589,31
dame,3.5,2.3,1181.5,625.3,30
damn,3.2,2.5,1956.3,1349.6,27
damp,4.2,1.8,1701.1,1456.3,30
dance,5.6,1.9,1462.7,734,30
dank,2.2,1.7,1445.7,872.2,30
dare,2.5,1.9,1591.3,1077.5,30
dark,4.6,2.6,1378.9,692.6,30
darn,2,1.2,1432.3,684,30
dart,6.1,1.8,1264.1,556.2,30
dash,3.8,2.3,1636.1,1053.4,31
date,4.8,2,1531.5,926.3,28
daunt,2.3,1.6,1669,1547.8,30
dawn,5.3,2.1,1329.6,1183.9,28
day,4.8,2.4,1643.7,1147.4,30
days,4,2.3,1466.5,747.2,29
daze,3.1,2,1646.9,1342,29
dead,5.3,1.9,1519.4,770,29
deaf,3.3,2.1,1558.5,1150.1,29
deal,3,2.1,1307.6,873.8,30
dealt,2.8,2,1568.6,1215.9,29
dean,4.6,2.4,1658.5,1027.9,28
dear,3.6,2.4,1606.7,1073,31
dearth,1.4,0.9,1311.2,545.3,31
death,4.7,2.5,1571.9,932.2,30
debt,4,2.3,1599,685.3,31
deck,6.4,1.5,1370.1,796.3,29
deed,3.4,1.9,1610.8,815.9,30
deem,1.8,1.3,1194.6,748.5,30
deep,4.3,2.2,1360.2,568.1,31
deer,6.7,1,1054.1,656,30
dell,3.5,2.4,1544.7,1206.4,31
den,5.4,2.2,1151.9,586.9,30
dense,3,2,1237.9,738.1,30
dent,5.3,2.1,1345.7,769.7,29
depth,3.5,2.5,1672.1,1170.1,30
desk,6.4,1.6,1003.9,333.1,29
deuce,3.2,2.2,1478.8,734.8,30
dew,5.7,2,1391.5,873.7,28
dice,6.4,1.5,1084.9,360.7,30
did,1.9,1.4,1257.4,768.7,31
die,4.4,2.4,1392.1,819.8,30
dig,5.4,2,1326.1,637.2,29
dike,4,2.5,2219,1521.4,27
dill,4.3,2.5,1652.6,949.5,30
dim,3.8,2.2,1671.1,1115.3,30
dime,6.8,1,1041.4,428.7,31
din,2.7,2,1452.5,890.2,30
dine,3.5,2.3,1543.8,1009.9,30
dip,4.3,2.1,1706.9,1127.4,29
dire,1.9,1.4,1748.7,1383.4,28
dirge,1.7,1.4,1573.9,1187.4,31
dirt,6.2,1.5,1124.6,608.6,31
dish,6.2,1.6,1349.4,806.2,29
ditch,5.9,1.5,1373.9,776.5,29
dive,4.6,2.5,1198.4,521.2,31
do,1.7,1.1,1204.5,891.9,31
dock,6.1,1.6,1263.1,646,30
dodge,4.9,2.3,1320.9,871.2,30
doe,5.8,2.2,1124.8,533.5,30
does,1.6,1.3,1216.9,622.6,29
dog,6.9,0.7,1222.4,840.6,29
dole,2.6,2.1,1390.6,773.4,30
doll,6.4,1.6,903.6,295.6,31
dolt,1.8,1,1451.2,1099.9,31
dome,4.8,2.2,1446.5,793.2,30
don,2.4,2,1639.4,1210.6,30
done,2.3,2,1495.9,933.6,29
doom,3.4,2.4,1166.6,649.5,30
dope,4.9,2.2,1629,718.2,30
dorm,6,1.8,1091.6,225.4,28
dose,3.3,2.2,1692.2,995.3,30
dot,6.3,1.6,1434.1,1314,29
dote,2,1.5,1415.4,1096,29
doubt,2.5,1.9,1538.3,1069.9,30
douche,3,2.2,1518.6,843.1,26
dough,5.9,1.8,1220.2,588.4,30
dour,1.5,0.9,1426.6,1269,30
douse,2.6,1.9,1243.5,554.9,30
dove,6.5,1.5,1067.9,548,30
down,4,2.4,1323.5,612.3,27
dowse,2.6,2.1,1516.6,894.9,31
doze,4.1,2.2,1426.7,843.6,29
drab,2.7,2,1467.7,870.6,29
draft,4,2.3,1528.6,922.9,30
drag,4.5,2.5,1554.4,1051.6,31
drain,5.5,2,1433,1146,29
drake,3.7,2.6,2057.7,1360.7,30
drank,4.6,2.2,1248.8,702.8,30
drape,4.7,2.4,1548.1,663.5,30
draught,2.4,1.9,1755.2,936.2,26
draw,5,2.2,1695.8,1416.1,30
drawer,6,2,1355.9,1304.2,29
drawl,2.8,1.9,1794.5,998.6,30
dread,2.7,1.9,1601.1,806.1,30
dream,4.9,2.3,1379.7,633.5,30
dreamt,3.2,2.2,1521.2,814.5,29
dredge,2.6,2,1501.6,1053.6,30
drench,4.2,2.4,1245.9,739.7,29
dress,6,1.7,1115,639.9,31
drew,3.9,2.3,1625.3,945.6,29
drift,3.5,2.1,1773.6,1118,28
drill,6,1.6,1189.4,547.7,28
drink,5.7,1.7,1518.8,980.7,31
drip,4.9,2.1,1309,506.5,30
drive,5.3,2.1,1387.3,763.8,31
droll,2.2,1.6,1625.7,1064.7,31
drone,3.1,2.3,1647.6,1172.5,30
drool,5,2.2,1460.9,887.5,28
droop,3.6,2.1,1485.5,859.7,29
drop,4.3,2.2,1679.9,1031.9,31
drought,3.8,2.3,1855.7,976.3,31
drove,4.4,2.1,1522.9,855,28
drown,4.7,1.9,1678.9,940.5,28
drowse,2.8,1.8,1770.1,1246.2,29
drug,5.6,2,1289.6,689.1,30
drum,6.4,1.6,987.6,409.6,30
drunk,5,1.8,1418.1,640.4,30
dry,3.8,2.1,1714,975,28
dub,2,1.7,1300,759.6,31
duck,6.5,1.5,1059.9,475.6,31
duct,3.5,2.4,1580,1368.8,31
dud,3,2.2,1380.1,839,29
dude,5.2,2.2,1424.6,688.6,30
due,2.1,1.6,1485.6,1187.6,28
dug,4.7,2.2,1436.7,598.2,30
duke,4.6,2.5,1607,1003.1,30
dull,3,1.9,1447,911.7,31
dumb,3.5,2.2,1558.9,1042.6,29
dump,4.7,2,1427.7,718.1,28
dunce,3.3,2.4,1644.9,1287.8,30
dune,4.5,2.5,1375.7,755.4,31
dung,3.7,2.5,1467.9,764.6,30
dunk,4.9,2.1,1578,1300.7,31
dupe,1.9,1.4,1516.2,908.7,30
dusk,5.2,1.9,1639.4,1068.6,28
dust,5.2,2.2,1010.6,372.1,30
dwarf,6.4,1.5,1098.6,604.8,31
dwell,3.1,2,1488.5,929.6,31
dye,5.2,2.3,1380.4,896.6,31
each,2.3,2,1380.8,1022.4,28
ear,6.8,0.9,865,235.4,30
earl,3.2,2.1,1579.5,979.8,29
earn,3,2.1,1449,976.4,29
earth,6.5,1.6,1113.8,829.7,31
ease,2.6,2,1728.9,1220.9,30
east,4.2,2.4,1590,792.1,29
eat,4.8,2.3,1245.5,619.6,30
ebb,1.4,0.8,1325.6,732.7,30
edge,5.1,2,1521.8,729,31
eel,6.3,1.7,1203.9,484.6,30
eight,5.9,2,1213.7,550.5,30
eke,1.6,1.3,1208.6,689.7,31
elf,6.6,1.2,1104.2,511.8,31
elk,6,2,1075.6,416.3,30
elm,5.8,1.8,1482.2,909.8,29
else,1.7,1,1309.6,838.4,31
elves,6.5,1.3,1255.8,507.1,31
end,3,2.3,1637.7,1294.8,29
etch,3.2,2.3,1455.9,786,29
eve,3.3,2.2,1657.2,854.1,29
ewe,3.9,2.6,1510.6,906.4,28
eye,6.7,1.2,1015.3,463.9,31
face,6.4,1.1,1396.3,815,30
fact,2.6,2.1,1309.6,784.6,28
fad,2.8,1.8,1518.5,890.4,27
fade,4,2.1,1809.8,1045.4,30
fag,3.7,2.5,1929.4,1357.7,29
fail,3.1,2,1345.9,894.2,30
faint,4.6,2.3,1347.7,643.2,31
fair,3.8,2.4,1399.8,818.5,30
faith,3.5,2.5,1836.1,1491.7,29
fake,3.2,2.1,1800.8,1116,28
fall,4.8,2,1444.4,724.4,30
false ,2.7,2.1,1401.8,708.7,31
fame,3.5,2,1595.1,776.4,26
fan,6,1.9,1046.6,345.1,31
fang,6.1,1.5,1377.6,669.5,30
far,3.5,2.2,1436,834.1,30
farce,2.1,1.3,1430.9,1226.5,30
fare,2.5,1.8,1418,983.1,31
farm,6.2,1.8,1013.2,435.9,30
fast,3,2.1,1386.5,742.2,30
fat,5.8,1.7,1199.4,551.1,30
fate,3,2.1,1614.7,1325.9,28
fault,2.1,1.8,1658.3,1499.1,29
fawn,6.3,1.4,1400.1,881.4,31
faze,2.4,1.9,1830.2,1318.7,30
fear,2.9,1.8,1539.4,857.3,29
feast,5.5,2,1346.2,633.4,29
feat,2.1,1.6,1732.7,1184.7,29
fed,3.4,2.3,1342.4,594.2,29
fee,3.7,2.2,1597.4,800.9,29
feed,4.4,2.3,1460.8,1199.4,30
feel,2.9,1.9,1726.1,1022.2,30
feet,6.7,0.9,1344.2,1102.8,29
feign,2.2,1.6,1425.9,647.9,31
fell,3.7,2.4,1393.6,871.4,31
felt,3.1,2.3,1706,1317.1,30
fence,6.6,0.9,1078.8,419.2,31
fend,2.5,1.9,1559.9,968,29
fern,6.2,1.7,1452.8,1087.9,30
fetch,4,2.2,1912,1214.7,30
feud,3.8,2.4,1538.7,588.9,28
few,2.7,2,1274,648.4,29
fib,3.2,2.3,1402.8,877.6,31
field,6.5,1.3,1239.2,580.1,28
fiend,3.4,2.3,1560.7,896.9,28
fierce,3.6,2.3,1460.1,629.8,30
fife,2.2,1.9,1800.3,1135.2,31
fifth,4.4,2.6,1372.4,816.8,30
fig,5.1,2.2,1495.4,702.4,30
fight,4.8,2.3,1196.5,537.7,29
file,5.8,1.9,1174.3,578,30
fill,3.5,2.2,1677,952.3,30
film,6,1.8,1525.7,1178.2,31
filth,4.6,2.2,1543,854.5,29
fin,5.3,2.4,1254.4,591.4,31
finch,4.3,2.8,1392.5,870.9,31
find,2.5,1.9,1440.7,781.8,29
fine,2.4,1.7,1506.6,848.2,31
fir,3.5,2.6,1815.5,1132.7,29
fire,6.5,1.4,997.8,402,31
firm,4.1,2.1,1784.1,1042.1,28
first,4.1,2.5,1537,944.6,30
fish,6.8,1.1,906.3,342.3,31
fist,6.5,1.3,1522.1,1273.9,31
fit,3.1,1.9,1508.2,971.2,30
five,5.8,2,1380.2,715.4,30
fix,3.2,2.2,1295.8,742.7,27
fizz,4.6,2.2,1418.6,686,29
flag,6.8,0.7,1058.8,615.5,30
flail,2.7,2.3,1194,547.3,29
flair,2.6,1.9,1562.8,954.3,31
flak,1.8,1.1,1563.7,943.9,30
flake,5.2,2.2,1225.2,474.5,27
flame,6.2,1.7,1281.8,632,30
flank,3,2,1641.5,923.6,31
flap,4,2.2,1389.5,1012.7,31
flare,4.5,2.4,1601.4,1139.5,28
flash,4.9,2.3,1296.2,814,30
flask,5,2.2,1511.6,1140.4,29
flat,4.1,2.2,1204.9,560.9,30
flaunt,2.8,2,1400.9,869.3,31
flaw,3.1,2.2,1696.7,1078.5,30
flax,2,1.6,1331,1253.9,30
flea,6.5,1,1098.9,621,29
fleck,2.6,1.8,1497.1,832.6,30
fled,3.9,2.1,1596.7,1238.6,31
flee,3.9,2.1,1526.9,1063.1,27
fleece,5.6,1.9,1580,783.1,31
fleet,4.5,2.4,1843.9,1314.8,31
flesh,5.7,2,1181.8,565.2,31
flew,3.7,2.2,1238.2,566.2,30
flex,4.1,2.2,1275.5,724,29
flick,3.9,2.2,1606.2,818.5,29
flight,5,2,1302.2,574.4,30
flinch,3.9,2,1405.3,830,29
fling,3.6,2.2,1556.1,822.8,30
flint,4.4,2.5,1263.8,705.2,30
flip,4,2.2,1577.4,908.5,31
flirt,4.9,2,1271.9,548.2,29
float,5.1,2.3,1283.3,654.5,31
flock,5.6,2.3,1073.7,350.7,30
flog,3.5,2.2,1524.8,877.6,30
flood,6.4,1.4,1231.4,942.6,31
flop,3.8,2.1,1484.8,914.1,30
floss,5.7,2.1,1365.9,894.6,31
flounce,2.6,2,1351.9,833.4,27
flour,6.5,1.3,1132.9,618.5,29
flow,3.8,2.3,1509.1,1036.3,29
flown,3.8,2.4,1733.9,912.5,28
flu,4.2,2.3,1401.9,686.3,30
flub,2.2,1.6,1610.1,882.6,31
fluff,3.8,2,1465.7,637.2,30
fluke,2.9,2.3,1457.5,836.1,30
flume,2.8,2.1,1668.9,866.2,31
flung,3.4,2.2,1367,757.7,29
flunk,3,2.3,1450.2,841.2,31
flush,3.8,2.3,1529.9,1080.2,29
flute,6.3,1.6,1164.4,675.2,31
flux,2.2,1.9,1482,1031.8,29
fly,5.9,1.6,1247.6,701.1,30
foal,4,2.8,1593,752.7,30
foam,5.7,1.9,1158.6,473.9,29
foe,3.5,2.4,1387,1064.7,31
fog,6,1.5,1166.1,519.6,29
fold,5.4,1.9,1350,735.7,29
folk,4.4,2,1377,630.8,30
fond,2.9,2.1,1509.7,921.6,30
font,4.5,2.3,1569.8,684.6,28
food,6,1.9,981.1,356.1,31
fool,3.7,2.2,1327.3,726.4,30
foot,6.7,1.1,982.9,376.9,31
for,1.3,0.5,1133.2,658,30
force,3.3,2.5,1588.8,1199.4,30
ford,5.2,2.2,1356.1,1016.1,30
fore,1.9,1.6,1283.6,728.5,31
forge,3.3,2.1,1497.5,697.7,30
fork,6.6,1.2,1341.3,1474.4,30
form,2.5,1.9,1388.3,1083.2,31
fort,6,1.9,1218.3,662.7,29
forth,3.2,2.3,1614.8,1280.7,30
fought,3.9,2.1,1680.1,778.2,29
foul,3.6,2.3,1346.2,577.7,30
found,2.7,2,1346.6,832.1,31
four,5.9,2,1488.4,870.8,31
fowl,5.1,2.3,1000.5,391.1,30
fox,6.4,1.5,1139.9,553.5,31
frail,3.4,2.2,1511.9,889.7,29
frame,6,1.7,1225,585.3,30
franc,2.6,2.2,1766.1,807,29
frank,3.7,2.7,1645.7,1206.9,30
fraud,2.9,2,1539.5,1038.1,28
fraught,1.6,1.1,1961.4,1334.8,31
fray,3.1,1.8,1572,1108.1,30
frays,3,2,1678.7,1188.7,31
freak,4.3,2.2,1634.4,785.7,31
free,3,2.3,1613.3,887,30
freeze,5.2,2,1199.4,635.8,30
freight,4.7,2.4,1782.2,1061.2,30
fresh,3.2,2.1,1693.3,1178.3,30
fret,2.6,2.1,1333,718,29
friend,5.6,2.1,1250.2,631.4,30
fright,3.3,2.1,1458.7,826.2,30
frill,3,1.9,1379.7,682.9,31
fringe,4.6,2.3,1477.8,489.9,30
frisk,3.6,2.3,1406.5,988.3,30
fritz,2.6,2,1584.8,968.7,31
frizz,4.6,2.3,1333.6,677.4,31
frock,3,2.2,1470.5,757.8,26
frog,6.7,1.2,979.3,430.3,31
from,2,1.7,1212.6,619.2,30
front,4.4,2.1,1404.7,765.6,27
frost,5.8,1.7,985.4,360.3,30
froth,3.1,2.1,1430.6,600,29
frown,5.8,1.8,1259,540.8,28
froze,5,2.1,1183.4,512.6,29
fruit,6.3,1.7,940.2,448.6,30
fry,5.4,2.1,1372.3,638.2,28
fudge,6.5,1.1,1181.5,689,28
fugue,1.8,1.7,1613.1,1110.6,30
full,3.4,2.1,1531.6,1205.9,30
fume,3.7,2.2,1714.3,1153.5,30
fun,3.6,2.2,1467.3,880.9,31
fund,3.4,1.9,1293.8,811.1,30
funk,2.6,1.9,1466.5,655.6,29
fur,6.4,1.5,1183.7,763.3,29
fuse,4.1,2.5,1238,512.3,31
fuss,2.7,1.8,1485.8,698.6,29
fuzz,5.5,2,1374.3,794.6,29
gab,3.2,2.2,1274.9,688.1,31
gag,4.1,2.5,1380,714.6,31
gain,2.8,2.3,1342,708.2,30
gait,2.6,2.1,1501.2,841.1,30
gale,2.8,2.1,1716.1,1391.1,31
gall,2.3,1.8,1726.3,1249.5,29
game,4.9,2.3,1658.8,1083.9,28
gang,5.5,2,1227.9,456.2,30
gap,4.9,2.6,1502.8,1125.7,29
gape,2.8,1.9,1419.7,645.1,29
garb,3,2,1342.3,836.6,28
gas,5.7,1.8,1455.1,757,29
gash,4.2,2,1402.3,961.1,29
gasp,4.1,2.4,1461.5,761.3,29
gate,6.1,1.7,1115.2,542.5,29
gauche,1.5,1.3,1244.1,505.6,28
gauge,3.8,2.2,1969.4,1172.6,30
gaunt,2.6,1.6,1199.9,551,30
gauze,5.2,2.4,1494.4,885.2,30
gave,2.3,1.8,1395.4,640.5,30
gawk,3.3,2,1566.2,842.7,30
gay,3.6,2.5,1518.4,866.8,30
gays,3.8,2.5,1897.4,1218.7,28
gaze,4,2.5,1428.7,600.2,28
gear,4.8,2.2,1437.4,877.1,31
geese,6.4,1.5,1363.9,1089.4,30
gem,6.3,1.4,1195.6,526.2,29
gene,3.8,2.3,1736.7,845.6,30
gent,3.1,2.4,1501.6,792.2,31
germ,5,2.3,1347.2,661.2,30
get,1.7,1.3,1289.7,806,29
ghost,6.6,1,1054.4,437.1,30
ghoul,5,2.3,1329.7,499.2,30
gift,6.1,1.7,1190.8,762.2,30
gig,3.6,2.3,1472.2,706.1,29
gill,5,2.1,1611.5,914.4,30
gilt,2.2,1.6,1709.1,975.1,30
gin,5.1,2.1,1542.7,922.4,31
girl,6.3,1.4,941.8,441.2,30
girth,2.9,1.9,1658,992.2,31
gist,2.1,1.8,1391.2,843.4,31
give,2.8,2.1,1348.5,667.4,30
glad,3,2,1543.7,826,28
glade,3.2,2.2,1601.4,846.9,30
glance,4.2,2.3,1403.7,680.1,28
gland,3.9,2.5,1679.3,1354.8,27
glare,3.7,2.2,1441,730,27
glass,6.5,1.3,1184,501.7,30
glaze,4.3,2.4,1307.1,863.6,28
gleam,3.4,2.2,1248.9,609.5,30
glee,2.8,1.9,1372.4,760.6,30
glen,2.3,2,1393.1,1047.9,30
glib,1.9,1.4,1546.6,779.8,29
glide,3.7,2.3,1351,758.4,30
glimpse,3.6,2,1479.2,682.2,30
glint,2.4,1.8,1569.6,868.6,29
gloat,2.8,2.1,1586.8,1162.7,28
glob,3.7,2.2,1433.6,713.8,29
globe,6.4,1.3,1148,639.5,31
gloom,3.2,1.9,1335.3,654.8,28
gloss,5.2,2.1,1402.2,706.9,30
glove,6.2,1.7,1115.9,459.5,31
glow,4.7,2.1,1319.3,723,29
glue,6.4,1.2,1237.3,997.8,30
glum,2.7,2.1,1450,960.5,30
glut,2.4,1.8,1518.5,747.6,31
gnash,2.3,1.5,1537.5,801.8,30
gnat,6.3,1.5,1324,596.6,30
gnaw,3.8,2.2,1319.4,790,28
gnome,5.2,2.3,1254,662.8,29
go,2.2,2,1330.6,1011.4,30
goal,4,2.4,1565.1,1026.3,30
goat,6.9,0.5,958,280.1,30
gob,3,2,1518.2,1090.1,31
god,5.7,2,1871,1268.2,30
gold,6.3,1.6,1147.5,506,31
golf,6.5,1.3,1040.6,476.5,30
gone,2.6,2.1,1486.5,1005.8,29
gong,4,2.4,1539.3,678.1,28
goo,4,2.6,1245.6,512.7,31
good,2.6,1.9,1262.6,605.7,31
goof,3,1.8,1638.4,923.6,30
goose,6.9,0.5,1034.7,400.7,31
gore,3.9,2.2,1547,871.7,31
gorge,4.7,2.3,1443.5,777.6,28
gosh,1.7,1.4,1475.1,983.1,30
got,1.8,1.3,1141.1,597.7,30
gouge,3,2.1,1312.9,873.1,30
gourd,4.5,2.6,1355,504.9,31
gown,6,1.8,1351.3,1132.6,30
grab,4.6,2,1514.8,917.6,30
grace,3.3,2.2,1856.7,1460.4,31
grade,4.9,2.3,1382.6,629.5,29
graft,2.1,1.8,1379.3,805.9,30
grail,3.1,2.2,1647.1,948.4,29
grain,5.8,2.2,1202.2,445.9,30
grand,2.7,1.9,1591.7,918.7,31
grant,3.1,2.4,1727.2,1156.3,29
grape,6.7,1.2,965.8,368.9,31
graph,6.2,1.8,1267.8,638,31
grasp,4.1,2.2,1534.2,840.5,31
grass,6.9,0.5,1052.4,487.4,29
grate,4,2.4,1488.9,848.4,29
grave,6.5,1.3,1314.3,579,30
gray,5.9,1.9,1227.3,439.6,30
graze,4.5,2.5,1265.5,577,31
grease,5.7,1.9,1326.3,740.8,31
great,2.5,2,1759.3,1200.9,31
greed,3.4,2.3,1517.3,1056.6,28
green,6.2,1.9,1052.6,398.2,31
greet,3.5,2.4,1544.4,729.6,31
grew,3.2,2.2,1481.7,830.8,29
grid,4.6,2.3,1645.6,1419.4,31
grief,3.5,2.2,1559.1,1202.8,29
grieve,3.4,2,1500.5,811.9,29
grill,5.9,2.1,1511.9,1502.8,29
grim,3,2.1,1551.5,832,28
grime,3.8,2.2,1488.3,868.9,30
grin,5.6,1.9,1314.5,678.9,31
grind,4,2.3,1668.1,1028.8,31
grip,4.5,2.2,1295.3,614.4,31
gripe,3,2,1790.2,1081.2,28
grit,4,2.1,1839.4,1178,29
grits,5.4,2,1547.5,912,31
groan,3.6,2.2,1378.3,848.8,30
groin,5.1,2.4,1266.2,576.6,31
groom,5.7,2.1,1120.1,627.4,29
groove,4.1,2.1,1524.6,625.6,30
grope,3.3,2.3,1311.4,634.5,28
gross,3.8,2.2,1783.3,1126.9,30
grouch,3.5,2,1673.3,1128.2,30
ground,5.9,2.1,1336.7,873.4,31
group,5.2,2.1,1382.6,897.3,28
grouse,3,2.3,1427.4,865.4,30
grove,4.2,2.2,1565,1009.4,29
grow,3.9,2.2,1734,969,30
growl,4,2.2,1415.6,651.1,31
grub,4.1,2.2,1496.4,979.6,28
grudge,2.9,1.9,1522.5,873.9,30
gruff,2.4,1.8,1343.5,1002.2,29
grunt,3.4,2.3,1311.6,784.9,30
guard,5.8,2.2,1092.1,449.8,30
guess,2.6,2,1428.6,925,31
guest,4.8,2.2,1539.3,763.3,29
guide,4,2.4,1510.6,857.9,29
guild,3,2.1,1664,1078.9,31
guile,1.8,1.2,1709.6,1430,31
guilt,3.3,2.1,1729.4,1322.3,28
guise,2.7,2.2,1517.8,1023.2,31
gulf,5.1,2.2,1798.2,1268.3,29
gull,3.3,2.5,1597.8,819.1,30
gulp,4.4,2.2,1368.5,820.9,31
gum,6.4,1.6,1099.5,466.6,31
gun,6.6,1.1,1064.1,542.3,29
gush,3.1,2.3,1164.2,678.7,28
gust,3.3,2.2,1534.9,679.7,31
gut,5.6,2.2,1085.4,414.7,31
guy,6.5,1.2,1183.5,504.7,27
gym,6.5,1.4,991.1,325.2,31
gyp,1.8,1.4,1437,755.3,31
hack,3.1,2.1,1840.4,1149.2,30
had,1.7,1.3,1248.8,725.3,30
hag,4,2.3,1414.5,765.6,28
hail,4.3,2.4,1480.8,902.9,29
hair,6.3,1.4,918.8,378.2,29
hale,2.6,1.8,1771.4,1299.4,30
half,3.5,2.3,1595.7,849.5,31
hall,5.9,1.9,1183.1,553.3,28
halt,3.5,2.1,1520.8,1059.9,30
halve,3.6,2.1,1962.7,1116.7,29
ham,6.7,1.1,1056.2,440.8,31
hand,6.4,1.6,992.8,375.5,31
hang,4.4,2.1,1638.2,714.6,31
hank,2.8,2.2,1553.3,1003.5,31
hard,3.3,2.3,1374.6,738.7,28
hare,5,2.5,1459,870,29
hark,2.2,2,1450.1,800.1,31
harm,3.3,2.2,1495.5,1058.5,30
harp,5.5,2.3,1217,856.8,28
harsh,2.9,1.7,1628.9,1203.3,30
hart,2.1,2,1844.6,1280.8,29
has,1.6,1.4,1164.9,873.6,30
hash,3.9,2.4,2020.1,1532,29
haste,2.9,1.9,1336.1,839.7,31
hat,6.7,0.9,912.5,378.7,31
hatch,4.1,2.2,1600.5,1117,31
hate,3,2.2,1440.6,746.6,30
hath,1.6,1.3,1255.9,713,30
haul,3.6,2.1,1657.3,1323.3,28
haunt,4,2.5,1563,992.2,29
have,1.9,1.5,1252.8,856.9,30
hawk,6.8,1.1,1045.7,415.7,31
hay,6.7,0.7,1135,434.8,30
haze,4.3,2.2,1387.1,829.8,30
he,3.5,2.5,1407.3,1187.6,29
head,6.8,0.8,1128.1,647.7,29
heal,3.3,2.3,1404.6,795.9,29
health,3.9,2.2,1544.8,1199.7,29
heap,3.8,2.2,1472.6,1041.3,28
hear,3.3,2.1,1368.8,869.5,30
heard,3.1,2.1,1633.1,949.8,30
hearse,4.6,2.7,1380.6,693.8,29
heart,6.7,1.2,1165.8,682.7,31
hearth,4.7,2.4,1602.8,1362.1,29
heat,3.9,2.2,1852.8,968.8,31
heath,2.6,2,1976.4,1160,29
heave,2.8,2,1321.3,575.6,31
hedge,5.8,1.8,1222.4,482.1,30
heed,2.3,1.7,1520.1,1082,29
heel,5.8,2,1335.2,734.9,31
heft,2,1.5,1339.7,620.3,30
height,4,2.3,1320.6,546.1,31
heir,3.6,2.3,1453.6,1054.1,29
heist,2.9,2,1562.9,1153.3,31
held,3.8,2.1,1420.4,820.6,30
hell,5.3,2.2,1687.2,1042.2,27
helm,2.9,2.2,1260.2,702.8,30
help,2.8,1.9,1468.6,954.6,28
hem,4.6,2.2,1287.9,786.7,28
hemp,5.7,1.9,1416.6,753.1,30
hen,6.4,1.5,1117.8,946.6,31
hence,2.1,1.6,1149.5,494,30
her,3.5,2.6,1496.1,1228.1,28
herb,5.3,2.1,1326.1,684.2,30
herd,5.6,1.9,1476.4,946.8,31
here,1.8,1.5,1260.2,744.2,31
hertz,2.9,2.2,1796.7,1422.7,31
hex,2.1,1.7,1432.9,858,30
hick,4.6,2.3,1426.4,596.2,30
hid,3,2.1,1465.7,790.6,30
hide,3.7,2.2,1360,831.9,28
hike,5.6,1.6,1523.9,806.3,30
hill,6.3,1.4,895.8,263.8,30
hilt,2.6,2,1479.4,929.2,30
him,4.2,2.3,1513.6,915.7,31
hind,2.8,1.9,1572.6,921.3,30
hinge,5,2.3,1420.7,747.3,30
hint,2.9,1.6,1648.9,1134.2,30
hip,5.8,2.1,1008.8,508.1,31
hire,3.3,2.4,1533.7,995.8,30
his,2.6,2.1,1411.9,966.8,31
hiss,3.9,2.4,1290.6,575.1,29
hit,4.4,2.3,1214.2,392.1,28
hitch,3.7,2.3,1871.7,1386.4,29
hive,5.6,1.9,1482.2,814.8,31
hives,5.7,1.5,1503.4,560.8,31
hoard,3,1.9,1634.4,868.2,29
hoarse,3.1,1.9,1653.6,789.8,24
hoax,2.7,2.2,1424.8,745.2,31
hock,2.5,1.9,1476.2,1201.4,31
hoe,5.9,1.7,1622.2,981.6,30
hoes,4.5,2.6,1927.5,1339.3,29
hog,6.6,0.9,1138,606.1,30
hoist,3.2,2.2,1146.9,606,30
hold,4,2.5,1337.3,774.2,31
hole,5.8,1.6,1396.4,678.7,31
home,5.7,2.1,1222.5,622.1,31
hone,2,1.5,1181.3,592.7,31
honk,4.6,2.2,1263.2,662.8,31
hood,6.2,1.6,1240.3,639.2,31
hoof,5.3,2.4,1212.8,1088.7,31
hook,5.7,1.9,1441.3,932.9,30
hoop,5.6,2.2,1212.6,491.9,31
hoot,3.5,2.2,1406,731,30
hooves,5.7,2,1357.1,687.4,31
hop,5,2.2,1197.7,673.6,29
hope,3,2.3,1377.3,732,29
horde,2.7,1.7,1462.8,974.9,31
horn,6.1,1.7,1241.3,873.4,30
hose,6.1,1.7,1134.6,581.5,29
host,4,2.2,1314.3,750.6,30
hot,4.4,2.1,1615.4,1192.1,31
hound,6.5,1.4,1166.9,555.8,30
hour,3.5,2.2,1476.7,709.2,28
hove,1.9,1.5,1768.1,1204.8,30
how,1.7,1.3,1279.1,772.4,30
howl,4.8,2.3,1599.1,1214.6,31
hub,3.5,2.5,1818.1,1290.1,29
hue,2.9,2.1,1645.4,985.3,31
huff,3.2,2.3,1328.9,882.1,31
hug,5.9,1.9,1161.8,521.8,30
huge,4.2,2.3,1690.3,1348.2,31
hulk,4,2.4,1460.6,860.3,31
hull,3.5,2.5,1493.5,997.2,28
hum,3.8,2.3,1433.1,851.1,30
hump,5.1,2.1,1414.9,729.3,31
hunch,2.6,1.9,1733,1447.9,31
hung,4.1,1.9,1476.4,740.1,30
hunk,4.8,2.1,1546.8,644.1,29
hunt,4.6,2.2,1248.6,503.1,31
hurl,4.4,2.1,1485.4,679.1,28
hurt,3.6,2.2,1471,931.2,30
hush,2.9,2.1,1437.4,955.8,31
husk,3.7,2.5,1661.8,835.3,30
hut,6.1,1.7,1212,537.4,30
hutch,4,2.5,1414.6,787.7,30
hymn,4.5,2.1,1713,920.7,29
hype,2.4,1.5,1367.8,638.8,31
ice,6.3,1.6,1077.1,554.8,31
ides,1.8,1.6,1776.3,1130.1,30
if,1.4,1.2,1137.3,834.5,31
ill,4,2,1592,902.9,29
imp,2.2,2.1,1339,616.5,31
in,1.7,1.2,1190.2,800.4,30
inch,4.9,2.2,1472.4,814.5,29
ink,6.4,1.5,1050.9,466.1,31
inn,5.8,1.9,1292.8,679.4,30
ire,1.4,1,1356,905.1,31
irk,2,1.4,1225.1,533.9,31
is,1.2,0.5,954.5,359.2,30
isle,4.9,2.1,1859,896.1,31
it,1.6,0.9,1271.8,905.9,29
itch,4.9,2.2,1442,712.8,30
jab,4.1,2,1332.2,741.3,30
jack,4,2.5,1512,730.9,29
jade,4.8,2.2,1796.8,1497,31
jag,3.1,1.9,1861.8,1426.6,28
jail,6.6,1.2,1185.7,871.2,31
jam,5.9,2,1300.9,788.5,29
jar,6.8,0.7,1019.3,463.9,31
jaunt,2.1,1.7,1223.5,659.6,30
jaw,6.5,1.5,1097.3,389.6,29
jay,3.9,2.5,1524.9,793.5,28
jazz,4.4,2.2,1488.2,766.7,30
jeans,6.6,1.1,950.5,475.7,28
jeer,2.4,2.1,1395.7,695.4,31
jell,2.8,2,1811.2,1134.8,26
jerk,4.7,2.1,1203.6,434.4,31
jest,2.4,1.9,1575.6,1036.6,30
jet,6.3,1.5,1112.7,941.1,28
jibe,1.9,1.5,1383.2,964.6,27
jig,3.5,2.3,1486.6,583.3,30
jinx,2.6,1.9,1571.7,1058.3,31
job,4.3,2.3,1332.8,568.9,29
jog,5.4,2,1366.7,924.2,31
join,3,1.8,1606.9,648,30
joint,5.2,2.2,1449.5,824.7,29
joke,3.6,2.1,1586.3,1051.4,31
jolt,3.7,2,1474.5,777.8,30
josh,4.4,2.7,1407.5,742.5,30
jot,3,2,1686.6,866,31
joust,4.3,2.5,1313.5,546.7,31
jowl,2.3,2.1,1432.4,832.7,30
joy,3.7,2.4,1308.8,830.8,31
judge,6,2,1219.1,585.9,28
jug,5.9,1.9,1080.4,667.6,29
juice,6.3,1.7,1019.3,390.5,30
jump,4.8,2.2,1132.2,348.9,30
junk,5.4,2.1,1222.3,616.2,30
just,1.8,1.4,1406.9,1090.6,31
keel,2.3,1.9,1549.2,813,30
keen,2.3,1.7,1296.4,711.9,28
keep,2.8,2.1,1301.4,747.5,30
keg,6.2,1.4,1267.9,684.8,30
kelp,2.7,1.9,1514.3,990,30
kept,2.1,1.6,1440.6,815.8,29
key,6.4,1.5,1153,629,31
kick,5.1,1.9,1470.2,1031.1,30
kid,6.1,1.4,1098.1,584.7,31
kill,4.8,2,1730.8,838.5,31
kiln,3.6,2.4,1339.2,526.9,30
kilt,5,2.4,1402.8,694,30
kin,3.6,2.2,1494.5,753.5,30
kind,2.7,2.2,1086.6,674.7,28
king,6.4,1.4,1316.6,769.4,31
kink,4,2.3,1365.9,931.5,31
kiss,6.1,1.7,1153.4,677.3,31
kit,4.6,2.4,1717.7,833.2,30
kite,6.5,1.5,978.6,394.8,30
knack,2.7,2.2,1772.1,1157.6,31
knave,2.2,1.8,1226.8,456.2,29
knead,4.2,1.9,1467.9,639.9,31
knee,6.4,1.4,1201.4,703.4,30
kneel,4.7,2.1,1507.9,812.4,29
knell,2.6,2.2,1531,1244.9,30
knelt,4.4,2.1,1324.8,725.7,28
knew,2.2,1.8,1517.4,1194.8,31
knife,6.8,1,1129.3,739.3,31
knight,6.4,1.6,1197.8,526.8,31
knit,5.4,1.8,1283.8,551,31
knob,5.9,1.8,1410.1,908.2,30
knock,4.9,2.1,1271,614.7,28
knoll,3.7,2.2,1355.5,651.1,28
knot,5.9,1.8,1286,991.7,30
know,2.4,1.8,1212.9,932.2,30
kraut,4.2,2.5,1849,1205.3,29
lab,5.2,2.1,1191.4,512.5,30
lace,6.2,1.7,1126.4,521.3,31
lack,2.5,2,1412.2,1076.2,31
lad,5.1,2.1,1284.8,602.6,31
lag,2.9,2,1345.7,809.5,27
laid,3.8,2.3,1564.6,1146.5,28
lain,2.4,1.6,1430.5,774,28
lair,4.7,2.4,1448.8,617.9,30
lake,6.6,1.2,1167.7,463.6,30
lamb,6.6,1.3,1102,750.2,30
lame,3.3,2.3,1616,966.4,31
lamp,6.6,1.2,1072,551.3,31
lance,4,2.4,1662.8,906.3,31
land,6,1.6,1471.3,1042.4,31
lane,5,2.5,1366.4,923.5,31
lap,5.6,1.9,1436,962.3,31
lapse,2.5,1.7,1642.8,1416.5,27
lard,4.8,2.2,1350.2,645.7,31
large,4.1,2.4,1429.2,688.9,31
lark,4.3,2.3,1563.3,1001.6,31
lash,3.6,2.2,1546.7,1391.4,28
lass,3.6,2.5,1367.1,556.8,30
last,3,2.1,1600.8,1295.3,30
latch,5.3,2.3,1216.6,558.1,31
late,3.7,2.2,1436,788.1,30
lathe,2.7,2.3,1433.1,998,31
laud,1.5,0.8,1235.4,646.5,30
laugh,4.9,2.4,1204.9,568.2,30
launch,3.9,2.3,1397.2,671.8,28
law,3.6,2,1636.3,1008.4,30
lawn,6.3,1.5,928.6,213.5,30
lax,1.9,1.4,1549.6,1218.6,30
lay,3.8,2.3,1250.7,653.3,29
laze,1.9,1.2,1636.5,1130.4,30
leach,5,2.5,1290.4,711.3,29
lead,4.7,2.1,1450.4,714.4,29
leaf,6.8,0.6,1158,503.2,30
league,4.7,2.3,1631.9,1164.6,29
leak,4.9,2.2,1261.2,607.9,30
lean,4,1.9,1502.3,661.5,30
leap,4.9,2.2,1552,788.2,31
leapt,3.7,2.2,1352.3,741.9,28
learn,2.9,2.1,1583.1,920.2,27
lease,3.3,2.1,1754.5,1193.9,31
leash,5.9,1.8,1275.1,588.4,29
least,2.3,1.6,1412.7,845.4,29
leave,3.9,2.4,1628.1,1177.4,30
led,2.9,2.1,1520.1,905.2,30
ledge,5.1,2.2,1519.9,838.6,29
leech,6.2,1.6,1058.3,278.3,31
leek,2.9,2.4,1454.5,812.6,30
leer,2.6,1.8,1132.5,465.1,30
left,4,2.5,1747,1157,30
leg,6.8,1,935.4,262.5,31
lend,3.2,2,1478.1,909.6,28
length,3.7,2.2,1657.8,1387.1,31
lens,5.9,1.8,1408.7,865.9,31
lent,3,1.9,1741.9,1125.8,27
less,2.7,2,1333.9,669.4,29
lest,2.1,1.6,1396.8,684.4,30
let,1.9,1.5,1222.7,728.7,28
lewd,2.4,1.6,1294.3,681,30
lice,6,1.8,1154.1,430.7,31
lick,5.3,2,1271.9,666,29
lid,6.5,0.9,1396.4,894.3,30
lie,3.2,2.1,1369,637.2,30
lieu,1.6,1.6,1371.5,918.6,30
life,3.9,2.2,2099.1,1319.6,29
lift,4,2.3,1305.3,711.1,31
light,5.3,2.1,1253.7,622.7,29
like,2.7,1.9,1477.1,1031,30
lilt,2,1.7,1390.9,820.7,29
limb,5.9,1.8,1381.9,717.3,30
lime,5.8,2.3,1092.6,490.5,31
limp,5,2,1385.5,833.5,31
line,5.5,2.1,1447.1,1023,30
link,4,2.2,1399.3,825.5,31
lint,5.2,2.4,1249,618.8,30
lip,6.8,1.1,1222.9,981.2,30
lisp,3.1,2.3,1618.9,744.6,30
list,4.9,2.2,1478.9,883.7,30
lit,3.8,2.4,1305.1,627.5,31
lithe,2.1,1.7,1341.1,678.3,30
live,3.5,2.1,1649.1,945.1,29
load,4.3,2.2,1501.8,997.1,30
loaf,5.7,2,1173.9,528.7,30
loan,4.1,2.4,1459.5,897.2,30
loath,2,1.1,1567.6,816.2,29
loathe,2.6,2,1500.5,1122.3,29
lob,2.2,1.9,1387.6,756,31
lobe,4.4,2.3,1484.9,807.7,29
lock,5.6,2,1238.8,806.6,31
lode,1.9,1.7,1570.3,975.4,30
lodge,5.1,2.4,1370.4,1058.9,30
loft,4.4,2.4,1288.7,579.8,30
log,6.3,1.8,1123.9,652.7,30
loin,4.5,2.5,1711.1,1049.2,30
lone,2.9,2.2,1342.3,819.4,29
long,3.6,2.2,1347.3,940.5,29
look,3.9,2.1,1500.3,957.7,30
loom,3.3,2.1,1450.3,746.5,31
loon,3.7,2.4,1653,898.9,31
loop,4.9,2.5,1315,723.8,31
loose,3.2,2.1,1559.5,1170.8,29
loot,4.2,2.3,1349.2,688,30
lord,5.1,2.3,1339.4,687.5,30
lore,2.2,1.6,1514.8,941.5,29
lose,3,2.1,1259.9,626.5,26
loss,2.6,1.7,1660.7,1117.1,31
lost,3.1,2.1,1389.8,1025.5,30
lot,3.3,2.3,1470.8,1249.1,30
loud,3.5,2.4,1510.3,914.4,30
lounge,5.3,1.9,1174.5,869.3,31
louse,3.4,2.2,1593.5,745.6,29
love,4,2.4,1696,924.3,30
low,2.8,2.1,1113.6,552.4,29
luck,2.4,1.7,1602.1,1300.3,29
lug,2.8,2.1,1594.5,779.2,29
lull,2.3,2,1346.4,928.5,31
lump,5,1.8,1428.2,1425.6,31
lunch,5.3,2.2,1253.1,678.5,30
lung,5.5,2.4,1126.7,562.7,31
lunge,3.6,2,1655.4,683.8,31
lurch,3.3,2.2,1498.4,1210.5,29
lure,3.6,2.2,1333.7,758.7,31
lurk,3,2.1,1398.5,1056.8,31
lush,3.2,2.2,1752.1,1014.5,30
lust,3.8,2,1468.8,633.3,27
lute,2.8,2.3,1354.7,819.9,30
lye,2.8,2.1,1611.2,730.6,30
lymph,2.5,1.8,1922.8,1137.8,30
lynch,3.4,2.5,1453.8,903.6,31
lynx,4,2.7,1445.5,1081.7,30
lyre,2.2,2.1,1299.1,546.7,30
ma,3.8,2.8,1534.6,1205.4,30
mace,5,2.2,1686.2,1124.2,31
mad,3.8,2.3,1326.4,742,29
made,2.1,1.6,1438.7,973.9,30
maid,6.1,1.6,1172.9,521.2,30
mail,6.3,1.6,992.4,363.6,31
maim,2.4,2,1564.5,1016.8,31
main,2.5,1.8,1718.1,823,29
maize,3.7,2.3,1721.8,887.1,30
make,2.8,2.2,1337.6,667.1,29
male,5.5,2.2,1257.8,595.2,31
mall,6.5,1.3,1320,866.6,31
malt,4.5,2.3,1572.5,693.9,29
man,6.2,1.4,1089.9,774.2,31
mane,5,2.3,1242.6,602.3,30
map,5.9,2,1209.3,735,31
mar,1.9,1.6,1165.7,598.2,30
march,5.1,2.3,1426.4,802.6,30
mare,5.3,2.4,1289.4,623.2,28
mark,4.6,2.2,1568.9,1074.2,30
marsh,4.9,2.2,1306.2,564.1,29
mart,3.4,2.4,1558.7,693.4,30
mash,4.1,2.2,1576.4,956.8,31
mask,6.3,1.4,1112.2,493.7,29
mass,3.7,2.3,1693.4,1043.2,31
mast,3.7,2.4,1347.4,608.4,29
mat,6.3,1.7,1420.1,648.3,30
match,5.1,2.6,1540.2,1094.5,28
mate,4.8,2.2,1395.4,669.7,30
math,4.2,2.5,1467.1,788.4,28
maul,2.8,2.1,1536.3,884,30
mauve,4.1,2.6,1455.4,749.7,28
may,3.2,2.4,1475.7,885,30
maze,5.9,2,1213,630.2,29
me,3.5,2.7,1448.3,987.2,30
mead,2.6,2,1664.9,1474,31
meal,6,1.2,1268.7,583.7,29
mean,2.8,2,1714.2,1238.1,30
meant,1.9,1.5,1436.6,1297.3,31
meat,6.3,1.6,981.7,418.7,31
meek,2.8,2,1393.3,910.2,30
meet,2.7,2,1348.1,833.5,28
melt,4.1,2,1386.7,605.8,30
men,5.4,2.4,1170.1,512,30
mend,3.7,2.2,1335,986,30
mere,1.6,1,1365.7,941.1,30
merge,3.5,2.4,1602.5,1180.5,30
mesh,4.2,2.5,1382.5,913,30
mess,4.2,2.3,1807.6,1359.9,31
met,2.5,2.1,1269.2,641.6,30
mew,2.4,2.2,1455.9,510.7,27
mice,6.8,0.5,1326.6,1170.9,29
mid,2.5,1.9,1600.3,1021.3,30
midst,2.2,1.6,1576.9,883.8,29
miff,1.9,1.4,1730.8,1424.6,31
might,2,1.6,1505.1,940.8,30
mike,4.7,2.5,1868.9,1227,29
milch,2.2,1.9,1336.7,846,28
mild,3,1.8,1510.9,1205.6,30
mile,4.7,2.3,1432.9,1064.6,31
milk,6.5,1.5,976.8,437.5,31
mill,5.3,2.5,1139.2,544,30
mime,5.1,2.2,1434,948.1,29
mince,3.1,2.2,1744,1124.3,30
mind,3.4,2.4,1624.2,1061.5,29
mine,3.5,2.6,1655,1163.6,30
mink,5.9,1.6,1345.5,615.7,31
mint,5.4,2.2,1101,365.3,30
mirth,1.8,1.2,1392.3,989.6,31
miss,2.6,2.1,1625.4,1130.2,31
mist,5,2.3,1235.9,569.4,30
mite,3.5,2.4,1661.9,1268.5,31
mitt,4.7,2.6,1504,848.9,28
mix,3.4,2.1,1423.8,732.6,29
moan,3.9,2.2,1533.1,563.9,30
moat,4.4,2.5,1387.3,595.9,30
mob,5,2.1,1437.4,902.5,27
mock,3,2.1,1555.1,952.2,29
mode,2.9,2.2,1629.8,1254.7,30
moist,4.1,2.3,1391,717.2,30
mold,5.5,2,1279.3,664.5,31
mole,6,2.2,1046.8,384.8,31
moll,2.1,1.8,1652.2,1158.5,28
monk,5.9,2.1,1176.6,651.6,30
month,4.4,2.4,1641.2,1239,30
mooch,3,2.2,1648.1,1260.8,30
mood,3.2,2.2,1395.1,936.3,28
moon,6.8,0.7,1052.6,498.4,30
moor,3,2.1,1450.8,903.4,31
moose,6.7,1.1,923.7,262.7,30
moot,1.4,0.9,1337.4,831.7,31
mop,6.4,1.5,1186.6,655.4,30
mope,3.3,2.2,1456.2,577,29
morgue,6,1.6,1421,723.9,29
morn,3.7,2.5,1617.9,934.3,28
mosque,3.2,2.4,1863.2,1065.1,30
moss,6.4,1.4,1169.6,458.5,30
most,2.3,1.9,1386.9,1074.5,30
moth,6,2.2,1024.6,483.5,31
mound,5.4,2.1,1354.1,715.9,29
mount,4.8,2.1,1430.9,677.3,28
mousse,4.3,2.5,1662.7,1031.9,30
move,3.2,2.1,1174.2,551.7,28
mow,4.6,2.3,1666,806.2,30
much,2.2,1.6,1332.5,843.1,31
muck,2.9,1.9,1444,842,31
mud,6.5,1.4,1045.2,590.4,29
muff,3.6,2.2,1597.7,1011,29
mug,6.2,1.6,985.7,449,31
mulch,5.6,2,1334.1,750.6,29
mule,6.3,1.8,1172.2,746.4,31
mull,1.7,1.1,1500.7,1103,30
mum,3.8,2.5,1482.1,840.4,31
mumps,4.6,2.5,1400,744.1,31
munch,4,2.3,1562.2,965,31
murk,2.5,1.5,1487,772.9,29
muse,2.8,2.3,1575.4,1250,27
mush,4,2.4,1345.6,1129.2,29
musk,3.7,2.1,1928.4,1517.1,30
muss,1.9,1.6,1212.2,765.4,30
must,1.9,1.7,1402.5,877.2,28
mute,3,2.1,1704.9,999.1,31
mutt,5.3,2.2,1489.9,759.4,31
my,1.7,1.4,1332.9,989.3,30
myth,3.5,2.2,1890.4,1233.6,27
nab,2.1,1.7,1479.5,1183.9,31
nag,3.1,2.4,1211.7,619.2,28
nail,6.6,1,1357.1,796.5,31
name,4.2,2.5,1529.1,1177.5,30
nap,4.7,2.4,1326.9,759.5,31
nape,2.9,2.4,1611.1,1008.1,31
naught,1.7,1.2,1432.2,832.8,30
nay,2.3,1.9,1287.9,715.7,31
near,3.3,2.2,1357.4,860.5,27
neat,3.5,2.3,1577,1148.7,31
neck,6.5,1.2,1255.6,631.3,31
need,2.4,1.8,1332.5,804.7,31
neigh,2.9,2.3,1591.6,779.8,30
nerve,4.4,2.5,1435.1,862.8,30
nest,6.2,1.8,1289.4,617.3,29
net,5.9,1.9,1287,913.6,30
new,3,2.3,1205.9,407.5,29
newt,3.3,2.5,1515.3,1011.4,30
next,2.2,1.7,1348.4,1150.4,30
nice,3,2.1,1477.5,714.7,30
niche,2.9,2,1455.3,838.6,30
nick,4.2,2.3,1652.4,872.7,30
niece,5.4,2.3,1557,1053.1,29
nigh,1.8,1.5,1603.5,915.8,30
night,5.8,1.9,1286.6,581,29
nil,1.9,1.5,1139.1,568.3,30
nine,6.1,2.2,1202.9,437.4,29
ninth,4.9,2.6,1399.4,728.5,31
nip,3.5,2,1523.4,980.9,29
nix,1.7,1.3,1347.2,536.7,30
no,2.1,1.9,1257.3,567,30
nod,4.1,2.5,1213.5,705.1,29
node,2.4,1.9,1608.3,898,30
noise,3.9,2.6,1337.1,996.2,28
none,2.6,2,1406.7,738.3,30
nook,3.6,2.3,1309.7,774.1,31
noon,4,2.3,1588.7,894.8,31
noose,5.9,2.2,1426.5,609.2,30
nor,1.5,1,1341.8,1007.3,30
norm,2.5,1.9,1564.6,1084.3,27
north,4.5,2.4,1464.9,704.4,30
nose,6.4,1.4,976.9,404.1,30
not,2,1.5,1290.1,1106.6,31
notch,4.1,2.1,1710.8,1180.8,31
note,5.5,2.4,1348.2,708.9,31
noun,2.7,2,1584.1,818.7,30
now,1.9,1.6,1141.4,709.9,29
nub,2.7,2,1470.7,846.4,31
nude,5.8,1.8,1503.1,873.3,30
nudge,4.1,2.1,1307.6,580.7,31
null,2.3,1.7,1596.9,1282.3,31
numb,2.8,2.1,1563.8,701.9,30
nun,5.9,2.2,986.3,277.6,30
nurse,6.4,1.1,1173.8,502,29
nut,6.2,1.9,1081.4,557.3,30
nymph,4,2.3,1751.4,863.2,29
oaf,2.5,1.9,1602.8,933.1,31
oak,6,1.9,1157.3,641.5,30
oar,5.9,2,1322.7,596.8,31
oat,5.6,2.3,1339.8,770.6,29
oath,3,2,1515.1,750.9,28
odd,2.7,2.1,1412.3,1468.2,31
ode,2.2,2,1352.9,861.4,29
of,1.5,1.3,1193.4,1019.3,30
off,2.6,1.9,1553.8,1447.1,31
oft,1.5,1,1295.5,1027.6,31
oil,6.4,1.4,1263.2,713,29
old,4.3,2.3,1533,664.8,31
on,1.9,1.8,1281.3,1032.1,30
once,2,1.5,1520.9,1080.8,31
one,4.9,2.7,1520.1,1011.5,31
ooze,4.6,2.3,1515.6,935.3,28
opt,1.4,0.7,1372.5,773.5,29
or,1.4,1,1270.5,1114.9,31
orb,2.8,2.4,1505.2,949.3,31
ore,4,2.4,1432.9,829.9,30
ouch,3.2,2.3,1304.4,628.4,31
ought,1.5,1.2,1662.2,1315.4,31
ounce,4,2.3,1456.8,745.8,29
our,1.8,1.5,1255.8,644.9,30
oust,1.7,1.1,1212.2,610.6,30
out,2.2,1.9,1222.7,695.9,29
owe,2.1,1.5,1361.5,575.3,28
owl,6.5,1.6,1025.2,677,31
own,2.2,1.7,1196.3,774.6,30
ox,6.3,1.8,1066.2,465.3,31
pa,4.2,2.6,1420.1,1033.5,31
pace,3.3,2.2,1505.8,1201.8,29
pack,4.6,2.2,1452.6,768.3,31
pact,2.4,1.8,1724.6,1217.7,30
pad,4.7,2.6,1599.9,1112.3,31
page,5.9,1.9,1327.9,877.5,31
pail,5.3,2.2,1502.4,924.9,31
pain,4.3,1.9,1684.9,1586.9,31
paint,6.3,1.6,1107.3,504.2,29
pair,4.3,2.1,1762.2,933.7,28
pal,4.6,2.1,1642.6,786.8,29
pale,4.2,2.3,1434.5,1155.1,29
pall,1.9,1.5,1439.2,1035.1,28
palm,6.7,1.2,1380.2,758.1,30
pan,6.3,1.7,1108.4,540.9,31
pane,4.2,2.3,1684.3,1079.6,30
pang,2.5,1.9,1594.4,1032.6,30
pant,4.3,2.3,1553.7,1066.7,28
pants,6.8,0.8,1122.5,423,30
pap,2.8,2.5,1649.8,803.1,31
par,2.3,1.8,1482.9,873.4,30
pare,2.1,1.7,1763.1,1356.9,31
park,6.5,1.2,1259.7,672.1,30
part,3.3,2.3,1555,828.5,30
pass,4.1,2.4,1299.7,867.8,30
past,2.7,2,1505.8,1230.7,30
paste,5.4,1.9,1456.6,832.3,29
pat,4.4,2.5,1355.5,925.4,31
patch,5.4,2,1356.5,851.2,28
path,5.5,2,1381.2,1241.8,31
paunch,1.7,1.2,1394.2,628.4,31
pause,2.7,1.9,1607.7,945.7,28
pave,4.5,2.3,1561.1,869.8,30
paw,6.4,1,1392.3,658.7,29
pawn,5,2.3,1374,666.8,29
pay,4.3,2.2,1499.6,822.8,31
pea,6.8,0.6,1104,420.2,31
peace,3.6,2.2,1566.6,1117.1,31
peach,6.9,0.6,1234.1,625.3,31
peak,4.8,2.4,1465.6,835.4,27
peal,4.7,2.2,1951.3,1142.4,29
pear,6,1.8,1321.4,837,31
pearl,6.4,1.4,1135.6,691.5,30
peat,2.2,1.7,1596.3,965.8,30
peck,4.2,2.2,1468.6,1181.7,31
peek,4,2.4,1198.4,597.4,30
peel,5.4,2,1402.4,874.2,31
peep,4.2,2.3,1282.1,499.5,30
peer,3.9,2.4,1522.8,991,31
peeve,2,1.7,1288.2,710.4,29
peg,5.1,2.2,1376.5,710.8,29
pelt,3.5,2.2,1603.6,1168.7,30
pen,6.6,1.2,1226,943.6,31
pence,1.8,1.3,1595.9,866,30
pent,2.5,1.9,1513.7,883.1,29
pep,3.2,2.2,1564.9,1026.7,30
per,1.7,1.6,1386,830.7,31
perch,4.7,2.1,1306.3,564.4,29
perk,2.8,1.9,1405.2,1002.8,31
pert,2,1.4,1075.9,457.8,29
pest,5,2.2,1484.3,844.8,30
pet,6.4,1.2,1252.8,917.6,31
pew,4.2,2.6,1217.4,618.8,30
phase,3.1,2.3,1744.8,1157.4,29
phone,6.6,1.3,1027.4,388.8,29
phrase,3,2.1,1553.6,1273.1,30
pick,3.8,2.4,1424.8,773,29
pie,6.7,0.9,1060.6,449.8,31
piece,3.8,2.4,1414,626.6,31
pier,6.2,1.7,1269.1,569.8,31
pierce,5,2,1455.1,776.2,31
pig,6.8,0.7,912.9,430.1,31
pike,4.2,2.4,1963.3,1115.9,29
pile,4.8,2.3,1588.1,1028,31
pill,6.8,0.6,1181.7,680.9,31
pimp,5.6,1.9,1434.7,708.1,30
pin,6,1.9,1339.8,882,29
pinch,4.7,2.3,1115.8,432.6,29
pine,6.4,1.5,1195.9,678.7,31
ping,3.1,2.2,1701.6,985.5,30
pink,5.4,2.4,1054.6,473.7,31
pint,5.2,2.3,1473.3,781.9,31
pip,1.7,1.2,1781.2,1197.4,29
pipe,6.3,1.5,1117.3,575.5,30
pit,5.2,2.2,1258.1,529.8,30
pitch,4.9,2.2,1260.1,423.2,27
pith,1.9,1.6,1396,656.4,30
place,3.7,2.4,1569.5,1283.5,30
plague,4.4,2.2,1461.6,679.9,30
plaid,5.7,1.8,1608,841,28
plain,3.5,2.4,1573,880.5,30
plan,2.8,2,1598.1,1247.5,30
plane,6.8,0.8,1063.3,542.6,29
plank,4.9,2.5,1279.4,605.6,31
plant,6.3,1.6,1087.2,456.6,28
plaque,5.1,2.1,1687.1,1141.8,28
plate,6.4,1.3,1363.8,989.9,31
play,4.5,2.1,1391.7,758.5,31
plea,2.9,2,1506.4,1060.3,27
plead,3.7,2.3,1390.4,799.4,31
please,2.4,2,1497.5,968.7,30
pleat,2.9,1.8,1825.5,1196.8,31
pled,2.8,1.9,1423.9,880.9,30
pledge,3.7,2.4,1475.8,765.2,31
plight,2,1.4,1480.5,930.6,31
plod,1.8,1,1618.9,1057.4,29
plop,3,2.1,1154.3,482.1,30
plot,3.2,2.2,1548.5,795.8,31
plow,5.6,2.1,1151.7,442.7,31
ploy,2.1,1.7,1353.3,650.8,30
pluck,4.1,2.3,1473.2,848.8,30
plug,4.9,2.4,1425,797.9,27
plum,6.4,1.6,1050.7,393.7,31
plumb,3.7,2.6,1700.1,826.8,27
plume,3.4,2.3,1649.3,936.7,31
plump,4.3,2.4,1563.6,757.3,31
plunge,3.7,2.5,1710.7,1148.1,30
plunk,2.2,1.6,1791.3,1105,31
plus,3,2.2,1593.3,1110.9,29
plush,3.2,2.2,1396.7,777.9,30
ply,2,1.6,1222,623.7,31
poach,3.9,2.3,1883.4,1393.7,31
pod,4,2.3,1566.9,721.7,31
point,5.2,2,1478.1,601.5,31
poise,3.2,1.9,1490,755.3,30
poke,4.5,2,1241,566.4,30
pole,5.8,2.1,1135.7,525.9,29
poll,3.7,2.5,1476.2,755.4,29
pomp,1.7,1.4,1493.5,669.3,29
pond,6.5,1.4,904.8,296.5,31
pooch,5.1,2.2,1493,837.6,29
poof,3.3,2.2,1653.1,1016.6,31
pool,6.7,0.8,1131.9,723.3,31
poop,6.3,1.5,1324,700.1,30
poor,4,2.3,1431.3,657.6,31
pop,6.1,1.4,1349.8,456.8,30
pope,6.4,1.6,1119.1,312.9,30
porch,6.8,0.5,1210.8,1000.6,31
pork,6.4,1.4,1175.3,660.8,30
port,4.3,2.5,1550.8,1229.9,27
pose,3.6,2.4,1622.3,1265,31
posh,1.8,1.3,1285.4,658.3,30
post,5.4,2.1,1509.9,788.2,31
pot,6.2,1.7,1069,559.6,30
pouch,5.7,1.7,1486.7,837.2,30
pounce,4.4,2.4,1390.1,688,31
pound,4.1,2.4,1277.8,514.9,25
pour,4.9,2.1,1356.1,865.3,31
pout,4.4,2.2,1482.4,1043.6,31
pox,2.7,2.1,1445.8,794.4,31
praise,4.1,2.2,1224.3,585.1,30
prance,3.7,2,1592.2,736.9,31
prank,3.9,2.3,1473.8,1046.7,29
pray,5,2.3,1404.9,807.5,31
prayer,5.2,1.8,1440.5,525.5,29
preach,4.6,2,1772.8,1243.9,29
press,4.8,2.3,1437.2,790.9,30
prey,4.3,2.2,1515.9,802.1,31
price,3.6,2.3,1434.9,583.6,29
prick,3.9,2.2,1698.2,1091.3,30
pride,2.8,1.9,1554.5,856.3,29
priest,6.3,1.7,1057.6,419.5,30
prim,2.1,1.5,1455.8,819.1,31
prime,3.1,2.4,1707.1,1015.8,30
primp,3.8,2.3,1612.6,832.9,29
prince,6.4,1.1,1289.5,630.7,30
print,5.3,2.1,1788.3,1173.1,31
prize,5.5,1.9,1226.9,485.3,30
pro,3.1,2.1,1559.7,1041.8,31
probe,4,2.1,1587.4,1011.4,30
prod,3.3,2.2,1426.8,816.3,31
prom,5.8,1.9,1195.6,565.3,30
prompt,2.5,1.9,1665.1,1007.6,29
prone,2.2,1.8,1540.1,1249.5,29
prong,4.4,2.2,1441.3,811.1,29
proof,3.1,2.1,1530.5,928.9,31
prop,4.2,2.6,1455.9,813.1,30
prose,2.1,1.4,1465.5,906,29
proud,2.9,2.3,1604.3,819.7,30
prove,2.4,1.8,1242.4,754.4,29
prow,2.6,2,1564.5,1029.2,31
prowl,4.5,2.2,1522.6,1241.8,29
prude,2.7,2,1230.6,608.9,31
prune,5.7,2.3,1203,534.6,31
pry,3.5,2.4,1243.4,633.5,29
psalm,4.3,2.5,1948.6,1218.3,29
pub,5.6,2,1379.1,756.1,29
puck,4.8,2.5,1417.7,583.6,31
puff,4.3,2.3,1328.3,878,30
pug,4.1,2.7,1561.4,704.6,30
puke,5.7,2.1,1178.4,432.7,30
pull,4.1,2.5,1299.3,721.1,28
pulp,4.6,2.4,1423.1,947.5,30
pulse,4.7,2.3,1726,1066.5,29
pump,4.8,2.3,1463.1,788.7,31
pun,2.6,2,1227.8,611.1,31
punch,5,2.1,1375,878.7,31
punk,4.3,2.4,1459.5,1041.4,29
punt,3.9,2.5,1217.6,582.8,26
pup,6,2,1070.7,433,30
pure,3.7,2.2,1487.5,1019.7,31
purge,3.6,2.1,1356.3,543.9,30
purr,4.6,2.3,1286,454.7,30
purse,6.5,1.2,1216.8,584.6,31
pus,3.8,2.5,1445.9,833.9,31
push,4.1,2,1563.5,770.7,31
put,2.2,1.7,1420.1,1121.2,29
putt,4,2.4,1670.7,949.6,29
pyre,2.4,1.9,1628.5,1165.9,29
quack,4.3,2.2,1638.2,741.7,30
quad,3.2,2.3,1842.8,1165.9,30
quail,5.7,2.1,1273.4,804.9,29
quaint,2.4,1.8,1745.4,1354.1,30
quake,4.9,2.1,1561,864,30
qualm,1.8,1.7,1276.2,594.7,31
quart,5,2,1613.4,1128.6,31
quartz,5,2.3,1490.8,795.8,31
quay,1.9,1.5,1309.5,855.4,30
queen,6.6,0.9,1197.7,570.9,29
queer,4,2.3,1784.8,738,29
quell,2,1.5,1436.3,864.3,30
quench,3.3,2.1,1632.7,1128.7,30
quest,4,2,1533.7,904.3,30
queue,1.5,1.1,1729.1,1113,30
quick,2.9,1.8,1486.6,647.8,29
quill,4.9,2.1,1365.9,683.8,29
quilt,6.7,0.8,1292.4,555,31
quip,1.8,1.5,1454.4,894,29
quirk,2.6,2,1648.2,1054.5,29
quit,2.9,2.1,1729.5,801.6,31
quite,2.5,2.1,1268,755.7,27
quiz,4.8,2.3,1466.8,592,29
quote,3.9,2.5,1199.5,498.4,31
race,5.1,2.1,1658.8,868.3,29
rack,5.3,2.1,1317.1,575,29
raft,6,1.4,1159.6,438.9,29
rag,6.3,1.5,1493.3,1110,30
rage,3.6,2.4,1325.4,726.7,29
raid,3.4,2.3,1692.4,1220.2,28
rail,5.6,2,1305.7,754.2,30
rain,6.3,1.6,1118.5,864.4,30
raise,4,2.4,1329.3,478.2,29
rake,6.2,1.4,1061,385.6,30
ram,5.3,2.1,1304,847,31
ramp,5.5,2.2,1382.9,683.5,31
ran,4.3,2.1,1579.6,943.8,29
ranch,5.8,2.1,1113.3,517.5,31
rang,3.4,2.2,1577.9,792.9,31
range,3.5,2.3,1592.7,837.4,30
rank,3.4,2.4,1515.4,932.1,29
rant,2.6,1.9,1505.3,967.4,31
rap,4.3,2.4,1770.9,1104.2,31
rape,4.8,2.2,1649.3,874.9,28
rapt,2.4,1.8,1340.3,1138.1,31
rare,2.5,1.9,1717.6,1489.4,28
rash,5.5,2,1433.2,1167.9,31
rasp,2.8,2,1328.6,759.7,31
rat,6.8,1,908.7,297,31
rate,2.6,1.8,1447.5,715.1,29
rave,3.9,2.3,1435.3,883.7,30
raw,4.3,2.3,1572.1,900.5,30
ray,4.3,2.4,1633.1,935.1,30
rays,4.2,2.2,1514.1,760.4,29
reach,4.3,2.2,1348.1,758.4,30
realm,2.7,2,1505.4,871.7,31
ream,2.2,1.8,1448.7,1308,31
reap,3,2.1,1413.3,775.2,30
rear,4.5,2.1,1569.4,971.9,31
red,6,2.1,1095.1,436.1,31
reed,3.9,2.3,1486.6,1039.7,29
reef,4.3,2.4,1631.7,1033.4,29
reek,3,2.3,1532.9,1074.4,31
reel,5,2.2,1645.7,1024.6,28
reign,2.8,2.1,1628.5,805.9,30
rein,3.7,2.4,1755.6,1434.1,30
rend,1.6,1,1440.3,848.3,29
rent,4,2.1,1508.6,872.4,26
rest,3.8,2.3,1476.3,798.5,31
retch,2.8,2,1434.7,764.2,31
rev,1.9,1.4,1574,924.2,29
rhyme,3.7,2.4,1451.9,1121.3,30
rib,6.5,1.2,1202.5,493.3,30
rice,6.8,0.8,1362.8,1333.1,31
rich,4.3,2.3,1359.6,668.6,31
rid,2.2,1.6,1628.4,1293.6,30
ride,4.6,2,1335.5,837.6,30
ridge,4.9,2,1385.1,692.1,29
rift,3.3,2.3,1579.1,960.8,31
rig,4,2.2,1883.1,1190.8,30
right,3.6,2.5,1609.4,1014.8,31
rile,1.7,1.3,1611.6,955.6,29
rim,4.7,2.3,1426.6,646.5,28
rind,3.4,2,1502.5,798.3,30
ring,6.2,1.6,1383,1130.6,29
rink,4.2,2.5,1717.2,1193.3,29
rinse,4,2.1,1569.8,1234.8,30
rip,4.7,2,1396.7,925.8,30
ripe,4.7,2.2,1282.4,644.2,31
rise,3.3,2.1,1386.7,979.3,31
risk,2.4,1.8,1507.8,741.1,30
rite,2.1,1.4,1458.1,829.3,31
roach,6.6,1.2,1045.5,392.5,30
road,6.6,0.9,966,329,31
roam,3.9,2.3,1197.5,535.6,31
roar,4.1,2.2,1433.1,1366.3,29
roast,5.7,1.8,1141.3,567.6,30
rob,4.2,2.1,1394.7,655.6,31
robe,5.9,2,1011.9,480.1,30
rock,6.4,1.4,1077.1,497.1,31
rod,5.9,1.7,1266.1,612.2,30
rode,3.7,2.2,1233.4,649.8,29
roe,2,1.6,1456.7,718.5,30
rogue,4,2.2,1571.2,907.5,31
role,3.4,2.2,1710.8,1244.9,30
roll,4.5,2.4,1157.1,494.6,29
romp,3.3,2.4,1315.8,930.2,29
roof,6.4,1.5,1161.2,705.1,31
rook,4,2.6,1452.9,780.8,29
room,5.6,2.1,1183.8,341.6,31
roost,4.4,2.3,1408.6,829.1,26
root,6,1.8,962.3,427.3,31
rope,6.6,1.3,1374.2,1139,29
rose,6.7,1.3,1078.1,862.9,28
rot,3.6,2.4,1394.5,824,30
rouge,3.9,2.3,1468.2,1238.8,30
rough,3.2,2.1,1535,883.5,30
round,5.4,2,1369,1001.7,30
rout,2.2,1.8,1258.9,579.9,28
route,4.7,2.4,1139.7,540.5,28
rove,2.5,1.9,1437.5,1073,31
rub,4.4,2.4,1159.2,703,31
rude,3,2,1361.2,845,31
rue,2.1,1.5,1242.9,722,30
rug,6.5,1.3,868.8,304.4,31
rule,3.5,2,1331.4,659.5,28
rum,5.4,2.2,1399.1,944.6,30
rump,4.7,2.2,1528.1,719.2,29
run,4.6,2.2,1425.9,976.2,31
rung,3.9,2.3,1602.5,1073.9,30
runt,3.8,2.6,1183.7,499.7,30
rush,3.9,2.1,1310.3,979.6,30
rust,5.3,2.1,1205.4,564.5,29
rut,4.1,2.4,1886.6,1496,29
rye,3.9,2.6,1345.1,529.2,28
sack,5.5,2.2,1163.3,559.7,30
sad,3.9,2.5,1462.6,1064.4,31
safe,4.1,2.3,1829.8,1230.3,31
sag,3.6,1.9,1611.4,899.5,29
sage,4.7,2.5,1254,522.1,30
said,2.1,1.9,1378,990.2,30
sail,6,1.4,1244,718.7,30
saint,5.5,1.8,1509.3,614.3,31
sake,2.3,1.7,1553.3,888.4,30
sale,3.8,2.3,1607.8,949.6,28
salt,6.2,1.7,1082.5,552.5,31
salve,2.6,1.9,1412.3,676.9,29
same,2.4,1.8,1376.8,894,30
sand,6.7,0.8,1225.9,788,30
sane,2.5,1.7,1535.9,960.9,30
sang,3.2,2.1,1337.7,709.5,30
sank,3.9,2,1587.7,1013.6,31
sap,4,2.5,1614.9,1093.5,30
sash,4.1,2.5,1517.2,662.4,31
sat,3.7,2.2,1476.8,724.5,29
sauce,5.7,2,1379.1,796.2,31
save,2.9,2.2,1326.4,682.3,30
saw,3.9,2.6,1400.3,1091.7,31
say,2.8,2.1,1502.6,1312.5,31
scab,5.7,2.1,1512.1,1132.5,30
scald,3.4,2.1,1604.6,1239.8,31
scale,4.8,2.2,1463.6,891.7,30
scalp,5.9,2,1193.1,426.2,29
scamp,2.6,2,1419.7,977.7,30
scan,3.7,2,1549.5,847.2,30
scant,2,1.4,1208.2,588.3,30
scar,6.2,1.5,1130.6,372.5,28
scarce,3,2.3,2028.4,1081.1,29
scare,3.8,2.1,1932,1286.9,30
scarf,6.5,1.4,1130.3,606.9,30
scene,3.8,2.3,1388.6,650.5,28
scent,3.8,2.3,1677.9,1179.6,29
scheme,2.7,2,1578.1,798,30
school,6.5,1.2,990.8,411.1,30
scoff,2.6,1.9,1318,515.2,29
scold,3.9,2.4,1258,871.9,31
scoop,4.7,2.3,1498.3,753.9,31
scope,4.8,2.1,1495.5,842.1,31
scorch,3.9,2.2,1921.3,1111.9,28
score,3.4,2.1,1689.9,1430.3,30
scorn,2.3,1.6,1605.4,1278.1,29
scotch,5.2,2.3,1578.1,869.1,30
scour,2.2,1.7,1638.8,921.2,27
scourge,1.6,1,1876.7,1521.6,27
scout,5.3,2.1,1321.9,715.3,27
scowl,3.7,2.3,1452.5,805.2,28
scrap,4.2,2.2,1767.3,1141,30
scrape,4.1,2.2,1340.5,434.6,30
scratch,4.7,2.2,1417.8,793.8,30
scrawl,2.5,1.7,1654.3,1108.2,30
scream,4.5,2.3,1261.3,522.8,29
screech,3.5,2.4,1406.4,722.8,31
screen,6.2,1.8,1355.9,639.3,30
screw,6,1.6,1240,629.5,29
scribe,3.5,2.2,1623.5,938,28
script,5.1,2.6,1372.6,912.4,29
scroll,4.6,2.3,1390.5,584.8,31
scrub,4.9,2.1,1347.9,651.5,29
scruff,3.3,2.1,1736.6,1232.3,31
scum,3.8,2.3,1458,1079.5,30
sea,6.4,1.6,941.1,259.2,31
seal,5.5,2.4,1238.6,724.8,30
seam,3.7,2.3,1501.8,905.9,30
sear,2.7,1.9,1697.7,1088.7,29
search,3.3,2,1608.7,846.6,29
seat,6.2,1.5,1109.7,451.1,30
sect,2.6,2.1,1512.8,887.2,30
see,3,2.2,1311.9,682.3,30
seed,6.4,1.5,1704.6,1410.4,31
seek,2.9,1.9,1486.1,860.5,29
seem,1.7,1.1,1138.4,687.8,30
seep,2.9,2,1482.1,1113.5,31
seize,3.7,2.3,1454.9,729.7,28
self,4.3,2.5,1659.6,1101.8,31
sell,3,1.9,1371.1,1268,31
send,3.4,2.1,1494.6,704.8,31
sense,2.8,1.6,1714.6,1235.5,30
sent,3.2,2,1536.4,736.4,29
serf,3.2,2,1858.9,1288.5,30
serve,3,2.2,1271.7,887.9,30
set,3.7,2.4,1658,903.8,29
sew,5.2,1.9,1637.2,712.1,29
sex,5.8,2,1382.8,687.9,31
shack,5.5,2.2,1485.9,935.3,31
shade,4.3,2.5,1471.3,1098.5,30
shaft,4.4,2.3,1418.3,648.1,31
shag,4.1,2.3,1397.6,663.1,29
shake,4.4,2,1809.7,1235.2,26
shale,3.1,2.2,1680.3,1189.6,30
shall,2,1.6,1260,615.5,30
sham,3,2.2,1359.4,786.3,30
shame,2.7,2,1461.1,1012.9,27
shank,2.9,2.1,1689,823.2,31
shape,4.2,2.5,1382,734,30
share,3.2,2.3,1539.3,1180.8,28
shark,6.8,0.8,1084,462.8,30
sharp,4.6,2.4,1435,1016.9,31
shave,5.6,2.1,1265.2,1134,31
shawl,5.3,2.2,1540.3,901.8,31
she,3.8,2.5,1415.5,696.2,30
shear,3.7,2.2,1806.5,1024,31
sheath,4,2.4,1495.6,867.9,30
sheathe,3.2,2.2,1403.4,996.9,30
sheave,2.2,1.6,1497.8,761.9,30
shed,6.1,1.6,1227.2,520.8,31
sheen,2,1.3,1448.6,743.7,29
sheep,6.8,0.7,985.5,395.1,31
sheer,3.5,2.1,1506.7,788.1,29
sheet,6.4,1.3,1006.5,324.3,29
sheik,2.6,2.2,1635.1,1052.9,30
shelf,6.5,0.9,1087.4,532.5,31
shell,6,1.9,1185.6,501.3,31
shelve,6,1.7,1493.2,934.3,30
shield,5.8,2,1147.2,846.2,30
shift,3.6,2.3,1423.3,707.5,29
shill,2,1.4,1239,508.7,30
shin,5.2,2.4,1488.9,728.8,31
shine,4.7,1.9,1664.9,989.4,30
ship,6.8,0.8,1049.1,686.8,31
shirk,2,1.8,1577.7,846.5,27
shirt,6.5,1.5,988.1,496.4,30
shoal,2.3,1.9,1562.9,978.1,31
shock,3.6,2.1,1740,957.6,31
shoe,6.5,1.5,1097.5,519.9,31
shone,2.5,1.7,1437.3,836.6,30
shook,3.8,2.1,1531.5,890.5,29
shoot,4.5,2.1,1255.3,511.6,30
shop,5.5,2.3,1109.4,530.2,31
shore,5.8,2.2,1116.4,376.5,31
short,4.5,2.3,1562,783.1,29
shot,4.9,2.1,1487.6,811.3,28
should,1.9,1.4,1412.2,871.9,31
shout,3.8,2.5,1418.4,1057.5,30
shove,4.3,2.3,1648.5,1254.2,31
show,4,2.4,1396.8,581.1,31
shrank,3.7,2.2,1720.4,1240.7,30
shred,4.9,2.3,1187.8,550.5,30
shrew,3.5,2.4,1484.8,916.3,28
shrewd,2.7,1.8,1502.8,996.8,31
shriek,3.2,2.4,1528.3,977.6,29
shrill,2.5,1.9,1259.5,513,30
shrimp,6.8,0.7,1014.9,483.2,30
shrine,5.1,2.1,1560.2,1065.5,29
shrink,4,2.4,1360.6,713.6,30
shroud,3,2.3,1339.9,900.6,28
shrub,6.3,1.4,1584,884.7,29
shrug,4.2,2.1,1280.9,836.8,30
shrunk,3.9,2.4,1618.5,874.7,31
shuck,3.6,2.3,1572.4,1015.5,29
shun,3,2,1586,1308,30
shunt,2.2,1.6,1638.3,1179.4,30
shush,2.5,1.9,1499.3,781,29
shut,3.9,2.2,1571.4,709.8,30
shy,2.9,2.1,1262.3,887.8,30
sick,4.1,2.2,1630.1,1020,31
side,3.8,2.3,1655.5,987.2,28
siege,3,2.2,1319.6,635.7,28
sieve,1.9,1.8,1335.1,830.6,30
sift,4,1.9,1475.8,693.4,30
sigh,3.6,2.3,1232.5,677.3,30
sight,3.2,2.3,1204.9,574.3,29
sign,6.2,1.4,1378.3,843.1,31
silk,5.9,1.8,1180.4,327.1,30
sill,2.9,2.1,1561,1026.8,30
silt,4,2.4,1507.6,699.6,29
sin,3,2.2,1767.8,1559,31
since,1.8,1.4,1481.7,850.8,30
sing,4.9,2,1199.5,486.2,30
singe,3.5,2.3,1408.7,769,29
sink,5.4,2.2,1397.8,836.8,31
sip,4.4,2.2,1693.9,1377.4,29
sir,3.8,2.2,1579.8,813.9,31
sire,3.1,2.1,1717.1,1061.6,29
sit,4.7,1.9,1570.3,1070.4,30
site,3.3,2.2,1758.9,1348.9,26
six,5.5,2.2,1346.8,656.4,30
size,3.8,2.4,1636.7,866.2,30
skate,5.9,1.8,1179.6,693.3,27
sketch,5.4,2,1339.7,508.7,30
skew,2.5,1.8,1451.3,861.8,31
ski,6,1.7,1361,715.1,31
skid,4.3,2.1,1702.5,1195.6,31
skill,2.8,2,1861.5,1320.1,31
skim,4,2.3,1666.2,1111.8,31
skimp,3,2,1491.5,876.9,29
skin,6.3,1.3,1152.4,651.3,31
skip,4.2,2.4,1464.7,1025.4,31
skirt,6.7,0.8,1081.3,416.4,31
skit,3.9,2.1,1693.7,827.5,29
skulk,2.2,1.9,1729.1,767.2,30
skull,6.5,1.2,949.2,259.7,31
skunk,6.5,1.5,1265.8,597.3,30
sky,6.5,1.1,1208.2,747.5,28
slab,4.2,2.5,1528.7,935.6,30
slack,3.1,2,1964.8,1058.2,26
slag,2.2,1.9,1470.9,742.1,31
slain,4,2.1,1131.8,518.5,29
slam,3.8,2.3,1344.3,1117,30
slang,3.1,2.2,1635.1,1265,29
slant,4,2.2,1653.2,834.4,30
slap,5,2.1,1226.7,489.2,31
slash,4.4,2.4,1405.3,686.1,31
slat,3,2.1,1559.6,698.7,29
slate,4.4,2.3,1312,658.2,31
slave,5.7,2,1473.5,963.9,28
slaw,4.3,2.5,1804.4,957.8,28
slay,3.8,2.5,1624,1120.4,29
sled,6.6,1,1197.4,663.5,31
sledge,3.3,2.3,1780.9,1243.5,31
sleek,3.5,2.1,1565.7,1041.3,31
sleep,5.5,2.1,1401,1047.8,29
sleet,4.3,2.4,1478,867.6,30
sleeve,6.5,1.1,1198.3,588,31
sleigh,6,1.9,1321.7,982.5,30
sleight,2.3,1.6,1594.3,1145.2,28
slept,4.5,2.1,1277.4,422.9,29
sleuth,3.7,2.4,1939.6,1265.8,30
slew,2.5,2.1,1421.4,843.1,30
slice,5.3,1.9,1578.6,1096.9,30
slick,4,2.1,1736.5,1063.7,28
slid,4.1,2.3,1492.1,824.2,31
slide,5.2,2.3,1505.4,879,31
slight,2.3,1.4,1385.8,688.5,29
slim,4.9,2.2,1455.1,949.3,31
slime,5.8,1.8,1339.2,716.8,29
sling,5,2.3,1340.9,661.9,31
slip,4.5,2.3,1772.1,1092.9,30
slit,4.3,2.1,1494.1,545.1,29
slop,3.9,2.3,1689.2,1048.6,30
slope,4.8,2.2,1285.5,607.1,31
slot,5.2,2,1572.3,772.9,27
sloth,4.1,2.5,1392.9,835.3,30
slouch,4.3,2.3,1617.6,1287.3,30
slow,3.4,2.1,1452.7,633,31
slug,5.7,2.2,1191.5,515.3,29
slum,4.2,2.1,1711.9,1604,31
slump,3.9,2.1,1507.5,897.4,30
slung,3.5,2.1,1356.8,735.1,29
slur,3,2.1,1536.6,988.8,31
slush,4.6,2,1647.8,906.9,30
slut,5.2,2.2,1528.3,702.1,29
sly,2.7,1.9,1520.1,1092.6,30
smack,4.6,2.1,1184.1,763.2,30
small,4.2,2.4,1398.5,1048.6,29
smart,3.1,2.3,1277.6,528.2,30
smash,4.8,2.1,1504.1,842,31
smear,3.5,2.2,1423.8,1213.7,28
smell,3.4,2.2,1252.8,540.4,31
smelt,3.2,2.1,1397.8,946.4,29
smile,6.5,1.3,1260.7,777.4,29
smirk,4.5,2.2,1517.7,737.8,29
smite,2.1,1.7,1539.4,940.9,30
smock,4.5,2.2,1633.9,650.4,31
smog,6,1.8,1220,653.9,31
smoke,6.4,1.3,1274,704.6,31
smooth,4,2.3,1415.5,650.5,31
smudge,4.8,2.1,1619.3,876.2,30
smug,3.4,2.4,1573.8,923.1,29
smut,2.8,2,1594.5,963.4,30
snack,5.6,1.7,1241.4,509,31
snag,4.5,2,1350.5,672.2,31
snail,6.5,1,1058.4,438.2,31
snake,6.5,1.3,954.1,326.4,31
snap,4.1,2.3,1458.4,761.7,31
snare,4.4,2.4,1574.2,993.9,31
snarl,4.2,1.8,1603.6,943.1,30
snatch,3.6,2.1,1596.2,1360.3,30
sneak,3.5,2,1487.1,853.8,30
sneer,3.1,2.2,1401,960.4,31
sneeze,5.6,1.8,1213.9,532.7,31
snide,2.3,1.6,1308.6,706.9,31
sniff,4.3,2.1,1463.3,586.5,30
snip,3.8,2.2,1198.6,501.7,29
snipe,3.3,2.3,1478.3,1053.1,29
snitch,3.4,2.4,1765.9,799.9,29
snob,4.5,2.3,1424.9,748.8,30
snoop,3.7,2.4,1536.6,1385.1,30
snooze,4.8,1.9,1264.8,551.9,31
snore,5,2.3,1314.4,1031.4,28
snort,4.5,2,1590.3,794.6,29
snout,5,2.2,1527.9,951,31
snub,2.4,2,1414.9,1025.9,30
snuff,4.3,2.5,1649.7,825.1,29
snug,3.9,2.1,1564.2,969.4,30
so,1.7,1.7,1171.5,692.3,30
soak,4,2.3,1667.1,999.5,31
soap,6.5,1.3,1091.4,618.9,31
soar,4.3,2.2,1515.9,1109.4,28
sob,4.6,2.1,1339.5,595.7,29
sock,6.7,0.7,1148.2,593.1,28
sod,4.2,2.4,1313.7,674.4,31
soft,4.1,2.2,1383.1,976.7,31
soil,5.9,2,980.4,320,31
sold,3.3,2,1612.7,984.2,31
sole,3.8,2.1,1645.5,1325.1,28
solve,2.7,1.7,1507.6,1067.4,30
some,2,1.5,1274.1,743.7,31
son,5.6,2.1,1471.5,763.6,29
song,4.3,2.3,1448.4,1142.2,29
soon,2.2,1.6,1208.7,650.1,31
soot,4.6,2.4,1366.1,533.7,31
soothe,3.7,2.3,1520.4,870.2,30
sop,2.2,1.5,1604.8,1141.4,30
sore,4.1,2.1,1531.8,1262.1,29
sort,3,2.2,1282.7,534.8,31
sough,1.6,0.9,1610.3,1250.7,28
sought,2,1.5,1330,789,31
soul,3.1,2.3,1618.9,1338.8,31
sound,3.5,2.1,1636.8,1309.1,29
soup,6.5,1.4,999,651.6,30
sour,3.6,2.3,1339.3,869.8,30
source,2.6,1.6,1418.9,916.1,30
south,4.6,2.4,1171.5,554,31
sow,4.6,2.5,1436.8,847.4,29
soy,3.9,2.1,1561.8,795.1,31
spa,6,1.8,1146.2,631.3,31
space,4.5,2.5,1500.8,919.7,30
spade,5.2,2.1,1873.7,1196.2,30
span,2.9,2.2,1570.7,1142.6,31
spank,5,1.9,1614.6,817,26
spar,2.7,2,1827.3,1430.2,30
spare,4.2,2.6,1499.3,832.7,29
spark,5.4,2.3,1523.4,881.4,30
sparse,2.7,2,1357.2,612.5,31
spat,3.7,2.3,1278.6,533.8,30
spawn,3.5,2.3,1519.4,704.6,30
speak,3.8,2.3,1441.9,851.3,30
spear,5.9,1.9,1226.6,574.9,30
speck,3.9,2.3,1517.8,900.8,28
sped,3.7,2.1,1558.1,797.5,31
speech,4.1,2.3,1519.6,975.9,30
speed,3.3,2.2,1690.6,884.8,29
spell,2.9,1.9,1725.7,1040,29
spend,3,2,1692,1162.5,29
spent,3.3,2.2,1422.4,758.3,30
sperm,6,2,1492.8,901.3,31
spew,3.8,2.2,1362.9,653.1,28
sphere,5.8,2,1207.2,589.2,30
sphinx,5.4,2.4,1422.3,758,30
spice,5.4,2.2,1495.2,780.7,30
spike,5.9,1.8,1315.4,550.9,29
spill,4.2,2.3,1343.9,620.9,30
spin,4.5,2.2,1842.1,1143.7,30
spine,6,1.7,1243.3,629,30
spire,2.7,2.1,1674.8,1107.1,31
spit,5.2,2.3,1398.4,708.7,30
spite,3.2,2.5,1444.2,1183.2,31
splash,5.1,2,1575.5,1217.2,31
splay,2,1.7,1291,789.9,31
spleen,5.5,2,1368.2,567.6,30
splice,3.5,2.6,1498.5,936.5,30
splint,4.7,2.2,1393.2,659.7,28
split,4.3,2,1788.3,1270.7,26
splotch,2.9,1.9,1534,706.2,29
splurge,3.2,2.1,1673,1132.7,31
spoil,3.6,2.2,1397.4,626.9,29
spoke,4.1,2.2,1597.7,1103.4,30
sponge,5.9,2.1,1319.4,679.1,30
spoof,2.2,1.7,1562.1,896.5,28
spook,3.6,2.3,1513.3,708.4,31
spool,5.5,1.8,1677.1,1109.1,30
spoon,6.3,1.7,1143.5,693.2,30
spore,3.8,2.6,1203.8,565,31
sport,5,2.2,1449.8,872.3,29
spot,5.2,2.1,1304,589.1,31
spout,5,2.2,1674.4,878.8,29
sprain,4.5,2.3,1384.5,755.3,31
sprang,3.1,2,1385.9,853,29
sprawl,3.6,2.3,1444,749,30
spray,5,2,1634.9,1127.8,29
spread,4,2.2,1508,583.3,29
spree,3.4,2.5,1700.2,1249.6,30
sprig,2.9,2.1,1495.1,898.3,29
spring,5.9,1.8,1566.5,895,31
sprint,4.7,2.2,1390.8,654.3,29
sprite,5.5,2.3,1431,1080.6,28
sprout,4.7,2.1,1684.5,1131.2,29
spruce,4.8,2.1,1673.6,1155.5,31
sprung,3.4,2.2,1629.9,1114.6,30
spry,2,1.8,1419.8,1124.5,30
spud,5,2.4,1436.3,734.1,31
spun,3.4,2.2,1589.1,945.8,29
spunk,2.8,2,1701.5,1101.2,31
spur,5.3,2.1,1326.5,782.6,28
spurn,2,1.5,1662.7,931,28
spurt,3.3,2.3,1444.5,1044.6,28
spy,4.3,2.1,1332.8,974.8,30
squad,4.4,1.9,1499.1,775.1,30
squall,4,2.4,1487.9,748.2,31
square,6.4,1.4,1250.6,574.6,28
squash,5.3,2.3,1354.7,444.4,30
squat,4.5,2.3,1267.3,581.7,29
squaw,3.9,2.4,1384.9,709.6,30
squawk,3.6,2.2,1755.4,827.6,30
squeak,4.3,2.3,1416.7,708.2,30
squeal,3.1,2.1,1413.6,883.6,29
squeeze,4.3,2.3,1064.2,383,27
squelch,2.3,1.7,1514,1083.8,31
squid,6.4,1.3,1438.6,662.9,30
squint,5.1,2.3,1267.1,609.6,31
squire,3.9,2.6,1557.8,895.4,27
squirm,4.7,2.2,1506.2,835.1,31
squirt,4.8,2.1,1396.8,858.8,31
stab,5.2,2.1,1182.3,625.1,30
stack,4.2,2.3,1562.3,1110.6,28
staff,4.6,2.4,1319.1,833.6,30
stag,5,2.2,1556.7,923.3,31
stage,6.1,1.8,1256.4,625,30
stain,5.5,1.9,1309,891.4,29
stair,6.1,1.9,1458.4,980,28
stake,5.4,2.4,1425.4,952.5,31
stale,3.3,2.3,1534.2,1001,31
stalk,4.5,2.3,1421.2,725.7,30
stall,4.8,2.3,1636,1175.6,29
stamp,6.1,2,1184.1,549.3,29
stance,3.4,2.3,1816.9,1384,31
stanch,1.9,1.5,1559.4,1115.1,29
stand,5,2.4,1316.2,638.2,29
stank,2.8,2.1,1473.9,754.4,30
star,6.8,0.9,1094.2,545.5,31
starch,4.1,2.3,1533.9,751.9,30
stare,4.5,2.1,1653.4,1120.2,31
stark,2.8,2,1506.9,904,30
start,2.9,2.1,1606.7,1198.1,31
starve,3.8,2.1,1575.7,953.4,31
state,4.9,2.4,1457,706.6,30
staunch,1.7,1,1720.8,1283.8,31
stay,2.6,2,1394,858.4,30
stead,3,2.3,1243.7,753.8,31
steak,6.5,1.7,1075.4,405.6,30
steal,3.8,2.1,1311.5,716.3,29
stealth,2.8,1.9,1707.6,984.3,29
steam,5.6,1.8,1443.7,1227.1,31
steed,4.2,2.6,1447.6,777.7,30
steel,5.8,1.9,1319.4,760.1,30
steep,4.2,2.4,1445.3,853,31
steer,5,2.1,1744.2,1224.4,30
stein,2.1,1.7,1417.3,1103,29
stem,6.2,1.2,1394.1,616.2,30
stench,3.3,2.3,1301.3,652,31
step,5.7,1.8,1436.4,807.8,30
steppe,2.4,2.1,1474.8,946.6,28
stern,3.6,2.4,1258.3,675.5,28
stew,5.7,1.7,1428.8,842.6,29
stick,5.9,1.9,1127.4,511.6,30
stiff,3.7,2.4,1257.4,579.6,30
stile,2,1.5,1510.5,987.4,31
still,2.8,2.4,1289.6,809,28
stilt,4.3,2.5,1703.7,1136.1,30
sting,5,2.1,1279.5,500.2,30
stink,3.9,2.1,1574,839,30
stint,2.4,1.9,1509.7,798.5,31
stir,4.5,2.2,1729.3,827.6,30
stitch,5.3,2.1,1422.1,531,29
stock,3.8,2.4,1541.1,1042.2,29
stoke,2.8,1.9,1554.1,992.3,30
stole,3.6,2.2,1451.4,708.2,31
stone,6.6,0.9,1098.3,467.5,30
stood,4.3,2.2,1563.4,983.2,30
stooge,4.1,2.2,1507.4,660.9,30
stool,6.1,1.9,1094.3,512.7,29
stoop,3.9,2.3,1518.3,1003,30
stop,4.5,2.5,1372.6,727.6,29
store,5.8,1.9,1248.7,620.9,30
stork,5.7,2.2,1125,522,31
storm,6.2,1.5,1121.3,491.7,30
stout,3.6,2.2,1652.2,673.5,26
stove,6.9,0.7,1163,497.7,30
stow,2.3,1.7,1495.4,1097.2,29
straight,4.1,2.4,1678.2,963.8,31
strain,3.7,2.4,1452.9,838.2,30
strand,4.7,2.4,1624,944.3,30
strange,2.7,1.6,1474.7,919,29
strap,5.5,2.1,1360.2,818.8,27
straw,6.5,1.4,1331.7,691.1,30
stray,4,2.6,1794.7,1034.3,28
streak,4.2,2.2,1558.2,994.7,28
stream,6.4,1.3,1128.3,449.7,28
street,6.3,1.5,1091.6,638.5,28
strength,3.4,2.1,1433.4,498,28
stress,3.4,2.4,1644.1,1434.4,31
stretch,4.5,2.1,1654.8,957,31
strict,2.7,2,1655.3,1106.5,30
stride,4.2,2.2,1148.6,584.8,30
strife,2.7,2,1604.4,930.5,29
strike,4.6,2.1,1412.8,729.9,31
string,6.2,1.7,1293.6,717.9,31
strip,4.8,2.2,1545.9,729.2,30
stripe,6,2,1502.9,863.6,31
strive,3.1,2.3,1463.4,811.3,28
strode,2.8,1.8,1502.6,728.5,30
stroke,4.5,2.2,1432.7,651,28
stroll,4.5,2.1,1433.1,713.2,30
strong,4,2.1,1435.3,998.6,28
strove,2.6,2.1,1419.4,770.5,30
struck,3.8,2.3,1244.5,732.1,30
strum,3.5,2.4,1480.2,1037.8,31
strung,2.8,1.8,1756.5,1001.4,28
strut,4,2.2,1398.4,594.8,29
stub,4.5,2.4,1525.9,844.5,31
stuck,3.2,2.2,1631.2,1200.8,28
stud,4.9,2.2,1304.4,608.2,31
stuff,3.6,2.2,1379.5,686.8,29
stump,5.8,2,1434.2,1006.2,30
stun,3.1,2.2,1463.1,929.4,30
stung,4.4,2.1,1714,1065.6,28
stunt,3.7,2.3,1705.2,1465.6,31
sty,2.5,2.1,1425.3,707.6,29
style,3.3,2.3,1638.6,1314,29
suave,2.9,2.2,1441.5,577.2,31
such,1.7,1.6,1331.6,897.3,31
suck,4.4,2.2,1620.2,811,29
suds,5.8,2,1408.2,555.7,29
sue,3.6,2.4,1797.1,1018.1,30
suede,5.2,2.5,1582.1,930.9,30
suit,5.5,2.4,1302.1,1053.5,31
suite,5.2,2.3,1457.3,755.2,30
sulk,3.1,2.1,1391.1,808.4,30
sum,3.4,2.1,1221.9,595.2,29
sun,6.9,0.5,977.5,355.8,31
sung,3.3,1.9,1724.8,783.1,30
sunk,3.5,2.3,1629,1026.7,29
sup,1.7,1.3,1482.8,833.1,29
sure,2.2,1.7,1563.7,1076,31
surf,6.1,1,1377.5,671.2,28
surge,3.3,2.4,1716.7,1484.6,31
swab,5.2,2.1,1578.2,825.4,31
swag,3,2.1,1489.4,690.8,30
swam,4.4,2.3,1476.7,928.1,28
swamp,6,1.9,1371.1,674.8,31
swan,6.3,1.8,1186.1,557.5,30
swank,2.4,1.8,1527.9,838.6,29
swap,2.9,1.9,1584.4,775.9,31
swarm,4.8,2,1318,532.6,30
swash,2.3,1.5,1828.1,1203.4,30
swat,4.5,2.2,1530.9,921.1,31
swath,2,1.6,1380,636.2,26
swathe,1.8,1.6,1301.1,901.6,29
sway,3.8,2.2,1562.4,1112.8,30
swear,3,2.1,1244.7,579.9,30
sweat,5.8,1.9,1474.7,733.2,29
sweep,5,1.9,1596.3,948.7,30
sweet,4,2.4,1265.3,689.1,31
swell,3.9,2.1,1678.8,924.7,29
swept,4.4,2.3,1549.9,1139.5,30
swerve,5,1.8,1476.9,800.7,30
swift,3.3,2.1,1489.7,921.8,30
swig,3.9,2.3,1580,665.8,31
swim,5.6,1.8,1334.2,782.5,27
swine,5,2.4,1277.3,556.5,31
swing,5.8,1.9,1358.3,804.5,30
swipe,3.6,2.3,1316.9,632.9,30
swirl,4.3,2.2,1350.1,686.8,31
swish,3.1,2.1,1651.1,1023.2,31
switch,4.3,2.5,1310.1,690,29
swoon,3.2,2,1392.4,620.3,30
swoop,3.5,2.3,1393.8,890.7,31
sword,6.8,0.7,1106.8,609.4,31
swore,3,2.2,1471.8,897.5,30
sworn,2.9,2,1921.9,1398.8,30
swum,2.6,2.2,1835.7,1352,30
swung,4.2,2.4,1345.9,695.1,30
sync,2.2,1.8,1465.8,687,30
tab,3.9,2.1,1649.6,1010.4,30
tack,5.3,2.3,1401.1,721.9,31
tact,2.4,2,1451.2,844.7,31
tag,4.5,2.3,1372.3,722.3,31
tail,6.5,1.2,1387.5,799.8,31
taint,3.1,2.1,1583.6,1368.4,31
take,2.8,2.3,1299.2,818,29
talc,3.1,2.4,1465.7,740.6,30
tale,3.6,2.4,1595.5,903.1,29
talk,4.7,2.4,1319.4,881.5,30
tall,5.1,2.1,1491.8,1098.5,31
tame,3.1,2.2,1518.9,841.3,31
tan,5.2,2.1,1340.7,799.8,29
tank,5.9,1.7,1253,800.8,31
tap,4.2,2.3,1144.9,513.7,31
tape,6.1,1.6,1328.1,1115.5,29
taps,3.9,2.2,1569.2,1039,30
tar,5.5,2.1,1302.4,743.6,29
tart,4.1,2.4,1777.8,1180.2,30
task,3.2,2.2,1464.9,1212,31
taste,4,1.9,1513.6,821.7,31
taught,3.4,2.4,1336.1,715.7,29
taunt,2.9,2,1380,1008.7,29
taut,2.3,1.6,1693.6,1318.4,31
tax,4.2,2.1,1640,1047,29
tea,6.4,1.3,981.3,547.9,30
teach,3.7,1.9,1451.1,795.3,31
teal,5.1,2.4,1482,812.8,29
team,5,2.2,1287.1,795.7,27
tear,5.7,1.7,1455,848.5,28
tease,3.8,2.3,1531.5,1077.2,31
tee,4.2,2.5,1690,1007.2,29
teem,1.7,1.2,1858.5,1450.7,29
teen,5.6,1.9,1489.3,1380.5,28
teeth,6.7,1.1,935.1,284.7,31
tell,2.5,2,1265.5,722.8,30
tempt,2.8,2,1399,655.9,29
ten,6.3,1.6,1349.5,686.1,30
tend,2.1,1.5,1678.9,1163.1,29
tense,2.6,1.9,1556.1,904.9,31
tent,6.6,1.2,1031,656.5,31
tenth,4.3,2.6,1502.9,899.6,31
term,3.3,2.1,1574.5,1001,29
test,5.3,2.3,1316,641.3,29
text,5.1,2.3,1275.2,480.1,31
than,1.6,0.9,1121.1,542.9,30
thank,2.7,1.9,1568.5,790,29
that,2,1.8,1300.6,1210.7,28
thaw,3.3,1.9,1836.3,1075,30
the,1.3,1,1148.7,804.7,30
theft,3.4,2.1,1379,826.2,30
their,1.9,1.5,1275,770.1,29
them,2.5,2,1194.9,679.9,30
theme,3.1,2.2,1514.2,957.6,30
then,1.5,1.2,1567.3,1568.5,30
thence,1.7,1.1,1350,693.9,26
these,1.6,1.2,1601.1,1178.4,30
they,2.3,2,1473.4,1191.7,30
thick,3.7,2.2,1559,955.8,29
thief,5.3,2.1,1211.4,619.1,31
thieve,4.7,2.2,1994.3,1326.7,31
thigh,6.2,1.6,1247.1,527,31
thin,4.9,2.3,1434.3,784.3,30
thing,2.6,2.3,1478.1,817.4,31
think,2.6,1.9,1529.3,1281.1,30
third,4.3,2.4,1465.2,1020.2,29
thirst,3,2,1728.1,649.7,29
this,1.8,1.5,1201.6,977.2,31
thong,6.2,1.6,1161.9,374.6,30
thorn,6.4,1.4,1178.6,529.9,30
those,1.7,1.2,1217,800.7,29
though,2,1.7,1502.7,940.3,28
thought,3.1,2.1,1670.6,1196.2,28
thrash,3.1,1.9,1295.5,684.6,29
thread,6,1.5,1501.1,1169.5,31
threat,3.2,2.3,1577,979.3,31
three,5.3,2.5,1305.8,721.1,31
thresh,2.2,1.7,1648.4,1165.5,30
threw,4,2.4,1266.8,732.3,29
thrice,2.7,2.2,1565.1,814.8,30
thrift,3,2.1,1536.4,1126.1,28
thrill,3.3,2,1663.4,1069,31
thrive,2.9,2,1415.6,606.7,28
throat,6.4,1.6,1106.3,646.3,31
throb,3.9,2.1,1469.6,691.9,29
throne,6.1,1.8,1383.8,953.2,29
throng,2.4,1.8,1797,953.9,27
through,1.9,1.5,1625.7,943.1,31
throw,4.3,2.1,1447.2,681.5,29
thrown,3.6,2,1551.9,958.3,28
thrush,3.1,2.2,1425.1,758.1,30
thrust,4,2.3,1438.4,739.5,29
thud,3.3,2.3,1471.2,787,30
thug,4.9,2.3,1476,915.6,30
thumb,6.7,1,1105.6,478.3,30
thump,3.7,2.1,1631.2,1093.9,29
thus,1.6,1.5,1243.9,731.1,31
thwart,1.8,1.5,1368,772.7,30
thyme,2.1,1.5,1812.1,1314.8,31
tic,3.8,2.7,1528.1,1044.3,29
tick,5.8,1.9,1301.3,742,30
tide,5.3,2.1,1483.3,706.7,29
tie,6.4,1.6,1227.6,855.2,30
tier,3.1,2.2,1410.1,761,29
tight,4.3,2.2,1520.8,810.6,31
tights,6.1,1.4,1524.8,799.7,29
tile,5.3,2.2,1412.5,858.9,30
till,2.9,2.2,1606.6,1254.7,29
tilt,4.1,2.3,1518.9,1077,28
time,4.2,2.2,1620.7,1140.4,30
tin,5.9,1.8,1187.1,494.7,31
tinge,2,1.3,1504.9,1176.5,29
tint,4.6,2.2,1397,922,30
tip,4.2,2.2,1462,792.5,29
tire,6.2,1.9,1078.8,673.6,30
tit,5,2.4,1657.9,890.2,30
to,1.4,1.3,1192.8,1089.7,31
toad,6.8,0.7,994,482.8,31
toast,6.5,1.2,1010.4,591,30
toe,6.7,1.2,930.3,343.8,31
toil,2.9,1.8,1551.9,1218.7,31
told,2.4,1.8,1463.5,1067.3,31
toll,3.9,2.1,1526.7,876.4,30
tomb,6.4,1.5,1183.6,720,31
ton,3.6,2.4,1588.1,932.4,29
tone,3,2.1,1247.8,556,29
tong,4.5,2.3,2019.5,1357.8,31
tongue,6.5,1.4,997.2,378.4,31
too,1.3,0.6,1476.1,1020.4,30
took,2.4,2,1320.9,733.3,30
tool,6,1.9,1157.4,373.9,30
toot,3.3,2.1,1661.9,906.7,30
tooth,6.8,0.7,1001.3,421.4,31
top,4.8,2.5,1411.5,991.7,30
torch,6.2,1.4,1423.6,1193.2,29
torn,4.8,2.3,1538.9,1019.1,31
tort,1.7,1.3,1563.8,1280.9,29
toss,4.4,1.9,1434.2,616.4,29
tot,3.2,2.3,1500.3,717.9,30
tote,4.2,2.6,1268.5,635.1,31
touch,4.2,2.4,1327.3,897.3,30
tough,3.8,2,1259,602.2,27
tour,3.9,2.5,1225.3,654.3,30
tow,4.3,2.4,1304.4,860,31
town,5.9,1.8,1105.7,408.5,30
toy,6.8,0.8,1019.1,393.8,29
trace,3.6,2.3,1779.6,1068.4,27
track,5.1,2.7,1031.1,457,28
tract,2.7,1.9,1622,999,30
trade,3,1.9,1895.2,1429.2,29
trail,5.6,2.2,1364,849.2,30
train,6.3,1.5,991.6,481.3,30
trait,2.9,2,1880.5,1264.8,29
tram,2.9,2,1450,792.4,29
tramp,4.9,2.3,1506.2,788.9,30
trance,4,2.3,1429.5,804.9,31
trap,4.4,2.3,1602.5,1434.6,30
trash,6.2,1.4,1219,611,30
tray,5.8,1.9,1477.3,941.5,30
tread,3.4,2.1,1716.4,1170.7,30
treat,4.6,2.4,1382.1,739.4,30
tree,6.8,1.1,1059,671.4,31
trek,2.9,2.1,1690.9,955.7,27
trench,4.9,2.2,1339.3,834.8,29
trend,3.1,2.2,1337.1,780.7,31
tribe,5.6,2.2,1268.1,733.1,30
trick,3.9,2.2,1461.6,629.2,29
trill,2,1.6,1689.4,1287.2,30
trim,4,2.2,1528.6,1047.8,30
trip,4.3,2.2,1419.2,770.9,29
tripe,1.7,1.1,1476.2,1096.4,30
trite,2.1,1.7,1505.6,869.1,31
trod,2.9,2,1496.6,958.1,31
troll,5.5,2.3,1322.2,687.5,30
troop,5.6,2.2,1170,568,29
trot,3.8,2.1,1332.9,637.7,31
trough,4.2,2.5,1745.3,886.9,30
trounce,2.2,1.8,1565.5,1249.1,30
troupe,2.8,2,1587.5,879.6,28
trout,6.3,1.6,1327.7,579.6,28
truce,2.3,1.6,1559.8,629,29
truck,6.9,0.6,1115.5,690.9,30
trudge,2.3,1.8,1487.8,1100.2,30
true ,2.5,1.8,1410.9,780.5,29
trump,2.9,2,1844,977.6,30
trunk,6,1.7,1189.6,563.4,30
trust,2.9,2.1,1768.1,1041.7,30
try,2,1.3,1526.8,980.7,30
tub,6.3,1.6,1284.6,787.5,31
tube,5.7,1.8,1341,752.7,30
tuck,4.1,2,1643,613.4,28
tug,4.3,2.2,1296,640.7,30
tune,3.5,2.1,1818,1116.7,27
turf,4.9,2.4,1336.5,612.7,30
turn,3.9,2,1701.8,1250.4,30
tusk,5.4,2.4,1476.6,775,30
twang,2.6,2.1,1507.9,843.9,30
tweed,3.6,2.1,1606.7,988.8,29
tweet,3,2.3,1484.5,753.7,30
twelfth,4.7,2.5,1642.2,1038.8,31
twelve,6,2.2,1159,487.5,30
twerp,3.3,2.2,1559.3,798.2,29
twice,2.9,2.3,1904.1,1198.1,28
twig,6.3,1.7,1265.7,974.2,29
twin,5.2,2.2,1210.3,617,30
twine,4.8,2.5,1563.7,816.3,30
twinge,2.8,2,1421.7,802.1,30
twirl,4.7,2.2,1808.7,1400.1,28
twist,4.7,2,1591.3,1358.3,28
twit,3,2.1,1519.9,1061,30
twitch,4.3,2.3,1461.8,759.1,30
two,4.8,2.6,1389.3,749.8,30
tyke,2.7,2.1,1380.2,791.5,30
type,4.8,2.3,1572.2,902,30
up,3.8,2.6,1323.4,651.6,31
urge,2.5,2,1444.4,814.8,30
urn,4.7,2.5,1567.8,954.5,29
us,2,1.7,1398.5,1127.8,29
vague,2.8,2.4,1469.1,894.5,31
vain,3.4,2.5,1606.8,950.3,30
vale,3.7,2.5,1575.6,978,30
valve,5,2.4,1359.2,725.4,29
vamp,3.1,2.4,1833.7,955.1,31
van,6.3,1.7,1021.5,512.7,30
vane,3.7,2.5,1838,1570.9,29
vase,6.2,1.4,1086.8,381.8,30
vast,3,2.1,1583.5,1203.9,30
vault,5.6,2,1199.6,379,29
veal,4.6,2.5,1332.2,590,30
veer,2.6,2,1664.9,1013.2,31
veil,5.3,2.5,1262.9,557.3,31
vein,5.8,1.9,1510.9,774.7,31
vend,3.2,2,1701.7,926.4,29
vent,5.4,2,1596.8,1226.9,31
verb,3,2.1,2023.8,1263.2,30
verge,2.6,1.9,1403.3,714.1,30
verse,3.8,2.4,1476.6,1121.3,30
versed,2.2,1.6,1807.2,1061.7,31
vest,6.2,1.7,1053.5,464.1,30
vet,6,1.6,1440,896.7,29
vex,1.7,1.1,1259.4,681.7,28
vice,2.9,2.1,1673.7,939.6,29
vie,1.5,1.1,1239.2,611,31
view,3.2,2.3,1411.2,826.8,30
vile,3.3,2.1,1686.3,1019,31
vine,6.7,0.7,1305.7,710.2,31
vise,2.5,2.1,1663.8,1019.9,29
vogue,2.3,1.7,1783.4,1304.7,30
voice,3.7,2.4,1327.8,645,28
void,3,2.2,1335.7,664.3,31
volt,3.8,2.2,1901,1088.4,27
vote,4.3,2.3,1262,495.4,30
vouch,2.3,1.8,1388.5,697.8,31
vow,3.3,2.1,1351.1,707.3,30
wad,4,2.3,1351.8,836.3,31
wade,4.5,2.2,1276.3,637.8,30
wag,5,2,1416.6,644.1,31
wage,3.6,2.3,1522.4,921.4,30
waif,2.6,2.1,1420.4,871.9,29
wail,2.7,1.8,1444.8,729.6,26
waist,6,1.4,1333.8,699.7,30
wait,2.6,2.1,1317.7,779.1,31
waive,2.8,2.1,1821.8,1189.1,27
wake,3.4,2.2,1314.4,867.1,28
wale,2.8,2.2,1956.8,1075.4,29
walk,5.2,2.2,1387,969.4,30
wall,6.2,1.5,1144.7,651.9,30
waltz,5.1,1.9,1478.4,1017.9,31
wand,5.6,2.3,1065.1,473.3,31
wane,2.2,1.9,1305.5,740.3,29
want,2.4,2.2,1212.8,825.4,30
war,5.4,2.1,1615.4,1472.3,30
ward,3,2.1,1381.2,683.5,31
ware,2.3,1.9,1543.4,1208.3,29
warm,3.5,2.3,1229.9,605,29
warn,3,2,1532.4,903.7,31
warp,3.4,2.3,1629,1095.6,31
wart,5.4,2.1,1261,743.6,31
was,1.4,0.7,1289.6,1014.7,30
wash,5.1,2.1,1312.2,558.7,31
wasp,6.5,1.6,1163,396.6,29
waste,3.8,2.7,1435.2,1104,31
watch,5.9,2,1234.7,856.3,30
watt,3.3,2.1,1954.3,1214.2,30
wave,5.5,2.1,1213.7,535.9,30
wax,5.6,2.2,1181.5,574.5,31
way,2.3,1.8,1333.5,605.5,30
we,2.3,1.8,1442.8,1074.6,29
weak,3.3,2.2,1388.5,889.5,28
wealth,4.3,2.3,1392.4,683.6,30
wean,2.8,2,1511.9,840.7,28
wear,3.3,2.1,1582.6,772.2,28
weave,5.1,2.2,1469.1,697.3,31
web,6,2,1072.8,456.6,31
wed,4.5,2.3,1598,1224.8,30
wedge,5.1,2,1493.8,612.5,31
wee,2,1.6,1717.1,996.3,31
weed,6.5,1.2,1395.8,1069.2,31
week,3.8,2.5,1624.6,947.6,29
weep,5,1.9,1438.5,866.1,31
weigh,3.5,1.9,1586.6,913.7,29
weird,3.5,2.4,1308.4,738.4,30
welch,2.2,1.7,1418.8,961.9,29
weld,4.2,2.5,1739.7,1437.4,31
well,3.3,2.6,1366.1,753,29
welsh,2.6,2,1499.8,795.8,30
welt,3.1,2.2,1417.2,846.9,30
wench,3.8,2.4,1587.9,818.9,30
went,1.6,1.1,1257.8,751.4,29
wept,4.6,2.3,1399.8,961.1,30
were,1.5,1,1251.1,708.5,31
west,4.5,2.3,1546.1,1132.9,28
wet,5.3,2.1,1254.4,541.2,27
whack,3.9,2.1,1214.5,501.8,29
whale,6.6,1.3,1123.6,772.7,31
wham,3.1,2.3,1325.6,757.1,31
wharf,2.6,2,1621.6,809.5,30
what,1.4,1.1,1239.1,772.8,29
wheat,6.5,1.2,1161.8,518.9,30
wheel,6.5,1.4,1053.5,611.4,31
wheeze,3.8,1.9,1849.1,1026.1,30
whelp,2.9,2.2,1461.5,890.9,30
when,1.7,1.4,1225.4,665.7,30
whence,2.1,1.9,1428.5,839.4,31
where,1.9,1.5,1327.3,985.9,30
whet,1.9,1.6,1398.3,908.1,31
whey,2.7,2.1,1397.3,682.5,28
which,1.6,1.4,1188.1,533.3,27
whiff,3,1.9,1410,973.8,30
while,2,1.7,1399,1208.3,30
whim,1.8,1.1,1399,795.7,31
whine,3.7,2.1,1836.7,1121.8,30
whip,5,2.3,1315.9,776.2,31
whirl,4.4,2.1,1316.6,501.2,30
whisk,3.9,2.3,1477.1,570.2,30
whit,2.7,1.9,1511.6,1106,29
white,6.5,1.4,1164.8,457.5,27
whiz,3,2.1,1643.4,828.7,27
who,1.5,1.1,1312.1,1052.7,28
whole,2.9,2.2,1607.6,1134.1,27
whom,2.1,2,1145.1,531,30
whoop,3.1,2.2,1320.4,712.5,28
whore,5.3,2.2,1723.1,1072.5,31
why,1.7,1.4,1396.7,1132.7,31
wick,5.4,2.1,1371,799.6,30
wide,4.1,2.2,1511,935.4,30
width,3.4,2.2,1645.6,711.9,26
wield,2.7,2.1,1747.3,1150.7,28
wife,5.7,2,1285.1,632.2,29
wig,6.5,1.5,1322.4,691.4,30
wild,4.1,2.2,1450.6,844.6,28
will,2.6,2.3,1347.5,931.8,29
wilt,4.1,2.3,1316.3,934.7,31
win,4,2.4,1555,1147.2,28
wince,3.4,2.3,1490.4,1043,29
winch,3.6,2.3,1567.7,1350.8,30
wind,4.7,2.1,1470.1,709.6,31
wine,6.2,1.6,1227.2,625.9,31
wing,6.1,1.9,1187.1,597.5,29
wink,5.4,2.2,1272.5,754,31
wipe,5,2.2,1443.3,778,31
wire,6,1.7,941.5,340.8,28
wise,2.9,2.2,1373,773.1,30
wish,3,2.3,1432.8,855.7,30
wisp,3,2.1,1340.6,638.3,30
wit,2.6,2,1325.1,797.7,30
witch,6.6,1.1,1255.4,838.4,30
with,1.6,1.1,1428.1,802.5,30
wives,6.1,1.5,1173.1,372.5,30
woe,2.5,2.1,1342.3,545.9,30
woke,3.4,2.4,1328.6,801.1,29
wolf,6.7,1.3,962.7,412.7,30
wolves,6.5,1.6,863.9,279.5,30
womb,5.7,1.9,1306.9,479,31
won,3.2,2.3,1502,1512,29
woo,2.1,1.8,1578.2,1137.9,30
wood,6.5,1.1,978.9,388.3,31
wool,5.8,1.9,1204,496.1,30
word,3.7,2.5,1408.3,691.9,30
work,3.9,2.3,1370.5,1122.4,29
world,6.5,1.1,1176.3,607.2,30
worm,6.6,1.2,972.3,332.9,29
worse,2.4,1.8,1387.4,1146.1,30
worst,2.2,1.6,1311.3,902.9,30
worth,2.3,1.5,1654.3,1101.3,30
would,1.6,1.3,1517.7,1341.9,30
wound,5.4,1.9,1864.7,913.2,31
wove,3.4,2.1,1559.3,980,29
wrack,2.4,1.7,1871.2,1314.2,31
wrap,4.6,2.4,1537.8,757,30
wrath,3.1,1.9,1511.8,765.6,31
wreak,3.7,2.4,1890.7,1272.4,31
wreath,5.4,2.2,1407.5,966.9,30
wreathe,4.3,2.6,1482.6,857.8,29
wreck,5.1,2.2,1314.3,680.9,31
wren,3.1,2.4,1510.7,853.7,30
wrench,5.2,2.3,1192.6,408.2,31
wretch,2.6,1.7,1753.1,766.4,28
wring,3.1,1.9,1640.4,1216.3,30
wrist,6.4,1.5,1052.6,536.4,31
writ,2.1,1.8,1486.8,971.7,31
write,4.8,2.4,1204.5,742.6,29
writhe,2.5,1.8,1691.4,1270.7,28
wrong,2.4,1.7,1352.4,691.6,30
wrote,3.6,2.4,1417,753.6,30
wroth,2.1,1.5,1470.5,888.9,30
wrought,2,1.8,1358.4,1085.7,31
wrung,3.2,2.4,1789,960,29
wry,1.6,1.1,1303.8,727.4,31
yacht,6.2,1.5,1744.3,1160.4,31
yak,3.8,2.6,1130.3,458.4,30
yam,4.8,2.5,1473.8,879.4,30
yank,4,2.4,1130.5,399.7,31
yap,3,2.3,1396.8,778.8,31
yard,6.2,1.8,1192.4,575.2,31
yarn,6.2,1.7,1104,386,31
yawn,5.2,2.2,1428,787.3,31
yea,2.2,1.5,1404.6,851,30
year,3.9,2.4,1386.8,677,30
yearn,2.9,1.9,1592.1,827.3,29
yeast,5.3,2.1,1262.8,635.5,30
yell,4.2,2.4,1288.6,535.1,31
yelp,3.4,2.3,1645.2,1088.9,30
yen,2.6,2.2,1361.1,939.8,30
yes,2.3,2,1323.6,613.2,31
yet,1.8,1.5,1105.7,601.2,31
yew,2.1,2,1563.5,1038.6,31
yield,4.1,2.3,1415.8,624.4,29
yoke,5.3,2.4,1456.6,905.7,31
yolk,5.2,2.1,1215.6,530.4,31
yore,1.5,0.9,1323.5,739.6,30
you,3.1,2.6,1514,855,31
young,4.3,2.1,1541.5,989.8,29
youth,4.9,2.1,1780.1,1263.7,28
yule,2.5,2,1603.5,809,31
zeal,2.1,1.7,1486.9,807.4,31
zest,3.2,2.5,1638.1,958.7,31
zinc,4.7,2.6,1627,813.7,31
zing,2.3,1.9,1128.3,814.6,30
zip,5.1,2.2,1318.8,679.4,29
zone,4.1,2.5,1227.5,871.1,31
zoo,6.8,0.6,966.5,329.5,30
zoom,3.5,2.3,1224.8,570.2,29